Anrede,Vorname,Nachname,Email,StraBe,Hausnummer,PLZ,Ort,Land,Mobilnummer,Geburtsdatum,Baumster,VehicleName,MengenVerwerterrabatt,Zusatzkonditionenrelativ,Zusatzkonditionenabsolut,Uberfuhrungskosten,Umweltbonus,BarnachlassRelativ,Laufzeit,Gesamtlaufleistung,Leasing_Sonderzahlung,Leasing_Direktgutschrift,Geburtsort,Staatsangehorigkeit,Dokumententyp,Ausweisnummer,Ausstellungsort,Ausstellungsdatum,Gultigbis,Berufsstatus,Nettoeinkommen,aktuelleFirmaseit,Familienstand,Kinder18,IBAN
Frau,Hannah,Angulo,Hannah@Angulo.de,Ahornweg,55,11165,Bonn,Deutschland,49654321,08-01-1984,1183101,EQS 450+ SUV,0,0,0,Vehicle pick-up in-house (place of provision),Nein,0,30,60000,7000,0,Deutschland,deutsch,Reisepass,L1P0KLPFW8,Deutschland,01-01-2020,01-01-2023,Verbeamtet,6000,18-08-2022,Verheiratet,2,DE06200505501484526239
Frau,Hannah,Angulo,Hannah@Angulo.de,Ahornweg,55,11165,Bonn,Deutschland,49654321,08-01-1984,1183121,EQS 450+ SUV,0,0,0,Vehicle pick-up in-house (place of provision),Nein,0,30,60000,7000,0,Deutschland,deutsch,Reisepass,L1P0KLPFW8,Deutschland,01-01-2020,01-01-2023,Verbeamtet,6000,18-08-2022,Verheiratet,2,DE06200505501484526239
Frau,Hannah,Angulo,Hannah@Angulo.de,Ahornweg,55,11165,Bonn,Deutschland,49654321,08-01-1984,1183131,EQS 450+ SUV,0,0,0,Vehicle pick-up in-house (place of provision),Nein,0,30,60000,7000,0,Deutschland,deutsch,Reisepass,L1P0KLPFW8,Deutschland,01-01-2020,01-01-2023,Verbeamtet,6000,18-08-2022,Verheiratet,2,DE06200505501484526239
Frau,Hannah,Angulo,Hannah@Angulo.de,Ahornweg,55,11165,Bonn,Deutschland,49654321,08-01-1984,1183141,EQS 450+ SUV,0,0,0,Vehicle pick-up in-house (place of provision),Nein,0,30,60000,7000,0,Deutschland,deutsch,Reisepass,L1P0KLPFW8,Deutschland,01-01-2020,01-01-2023,Verbeamtet,6000,18-08-2022,Verheiratet,2,DE06200505501484526239
Frau,Hannah,Angulo,Hannah@Angulo.de,Ahornweg,55,11165,Bonn,Deutschland,49654321,08-01-1984,1183461,EQS 450+ SUV,0,0,0,Vehicle pick-up in-house (place of provision),Nein,0,30,60000,7000,0,Deutschland,deutsch,Reisepass,L1P0KLPFW8,Deutschland,01-01-2020,01-01-2023,Verbeamtet,6000,18-08-2022,Verheiratet,2,DE06200505501484526239
Frau,Hannah,Angulo,Hannah@Angulo.de,Ahornweg,55,11165,Bonn,Deutschland,49654321,08-01-1984,1183511,EQS 450+ SUV,0,0,0,Vehicle pick-up in-house (place of provision),Nein,0,30,60000,7000,0,Deutschland,deutsch,Reisepass,L1P0KLPFW8,Deutschland,01-01-2020,01-01-2023,Verbeamtet,6000,18-08-2022,Verheiratet,2,DE06200505501484526239
Frau,Hannah,Angulo,Hannah@Angulo.de,Ahornweg,55,11165,Bonn,Deutschland,49654321,08-01-1984,1183541,EQS 450+ SUV,0,0,0,Vehicle pick-up in-house (place of provision),Nein,0,30,60000,7000,0,Deutschland,deutsch,Reisepass,L1P0KLPFW8,Deutschland,01-01-2020,01-01-2023,Verbeamtet,6000,18-08-2022,Verheiratet,2,DE06200505501484526239
Frau,Hannah,Angulo,Hannah@Angulo.de,Ahornweg,55,11165,Bonn,Deutschland,49654321,08-01-1984,1183841,EQS 450+ SUV,0,0,0,Vehicle pick-up in-house (place of provision),Nein,0,30,60000,7000,0,Deutschland,deutsch,Reisepass,L1P0KLPFW8,Deutschland,01-01-2020,01-01-2023,Verbeamtet,6000,18-08-2022,Verheiratet,2,DE06200505501484526239
Frau,Hannah,Angulo,Hannah@Angulo.de,Ahornweg,55,11165,Bonn,Deutschland,49654321,08-01-1984,1183861,EQS 450+ SUV,0,0,0,Vehicle pick-up in-house (place of provision),Nein,0,30,60000,7000,0,Deutschland,deutsch,Reisepass,L1P0KLPFW8,Deutschland,01-01-2020,01-01-2023,Verbeamtet,6000,18-08-2022,Verheiratet,2,DE06200505501484526239
Frau,Hannah,Angulo,Hannah@Angulo.de,Ahornweg,55,11165,Bonn,Deutschland,49654321,08-01-1984,1183871,EQS 450+ SUV,0,0,0,Vehicle pick-up in-house (place of provision),Nein,0,30,60000,7000,0,Deutschland,deutsch,Reisepass,L1P0KLPFW8,Deutschland,01-01-2020,01-01-2023,Verbeamtet,6000,18-08-2022,Verheiratet,2,DE06200505501484526239
Frau,Hannah,Angulo,Hannah@Angulo.de,Ahornweg,55,11165,Bonn,Deutschland,49654321,08-01-1984,1183881,EQS 450+ SUV,0,0,0,Vehicle pick-up in-house (place of provision),Nein,0,30,60000,7000,0,Deutschland,deutsch,Reisepass,L1P0KLPFW8,Deutschland,01-01-2020,01-01-2023,Verbeamtet,6000,18-08-2022,Verheiratet,2,DE06200505501484526239
Frau,Hannah,Angulo,Hannah@Angulo.de,Ahornweg,55,11165,Bonn,Deutschland,49654321,08-01-1984,1186101,EQS 450+ SUV,0,0,0,Vehicle pick-up in-house (place of provision),Nein,0,30,60000,7000,0,Deutschland,deutsch,Reisepass,L1P0KLPFW8,Deutschland,01-01-2020,01-01-2023,Verbeamtet,6000,18-08-2022,Verheiratet,2,DE06200505501484526239
Frau,Hannah,Angulo,Hannah@Angulo.de,Ahornweg,55,11165,Bonn,Deutschland,49654321,08-01-1984,1186121,EQS 450+ SUV,0,0,0,Vehicle pick-up in-house (place of provision),Nein,0,30,60000,7000,0,Deutschland,deutsch,Reisepass,L1P0KLPFW8,Deutschland,01-01-2020,01-01-2023,Verbeamtet,6000,18-08-2022,Verheiratet,2,DE06200505501484526239
Frau,Hannah,Angulo,Hannah@Angulo.de,Ahornweg,55,11165,Bonn,Deutschland,49654321,08-01-1984,1186131,EQS 450+ SUV,0,0,0,Vehicle pick-up in-house (place of provision),Nein,0,30,60000,7000,0,Deutschland,deutsch,Reisepass,L1P0KLPFW8,Deutschland,01-01-2020,01-01-2023,Verbeamtet,6000,18-08-2022,Verheiratet,2,DE06200505501484526239
Frau,Hannah,Angulo,Hannah@Angulo.de,Ahornweg,55,11165,Bonn,Deutschland,49654321,08-01-1984,1186141,EQS 450+ SUV,0,0,0,Vehicle pick-up in-house (place of provision),Nein,0,30,60000,7000,0,Deutschland,deutsch,Reisepass,L1P0KLPFW8,Deutschland,01-01-2020,01-01-2023,Verbeamtet,6000,18-08-2022,Verheiratet,2,DE06200505501484526239
Frau,Hannah,Angulo,Hannah@Angulo.de,Ahornweg,55,11165,Bonn,Deutschland,49654321,08-01-1984,1186461,EQS 450+ SUV,0,0,0,Vehicle pick-up in-house (place of provision),Nein,0,30,60000,7000,0,Deutschland,deutsch,Reisepass,L1P0KLPFW8,Deutschland,01-01-2020,01-01-2023,Verbeamtet,6000,18-08-2022,Verheiratet,2,DE06200505501484526239
Frau,Hannah,Angulo,Hannah@Angulo.de,Ahornweg,55,11165,Bonn,Deutschland,49654321,08-01-1984,1186471,EQS 450+ SUV,0,0,0,Vehicle pick-up in-house (place of provision),Nein,0,30,60000,7000,0,Deutschland,deutsch,Reisepass,L1P0KLPFW8,Deutschland,01-01-2020,01-01-2023,Verbeamtet,6000,18-08-2022,Verheiratet,2,DE06200505501484526239
Frau,Hannah,Angulo,Hannah@Angulo.de,Ahornweg,55,11165,Bonn,Deutschland,49654321,08-01-1984,1186511,EQS 450+ SUV,0,0,0,Vehicle pick-up in-house (place of provision),Nein,0,30,60000,7000,0,Deutschland,deutsch,Reisepass,L1P0KLPFW8,Deutschland,01-01-2020,01-01-2023,Verbeamtet,6000,18-08-2022,Verheiratet,2,DE06200505501484526239
Frau,Hannah,Angulo,Hannah@Angulo.de,Ahornweg,55,11165,Bonn,Deutschland,49654321,08-01-1984,1186541,EQS 450+ SUV,0,0,0,Vehicle pick-up in-house (place of provision),Nein,0,30,60000,7000,0,Deutschland,deutsch,Reisepass,L1P0KLPFW8,Deutschland,01-01-2020,01-01-2023,Verbeamtet,6000,18-08-2022,Verheiratet,2,DE06200505501484526239
Frau,Hannah,Angulo,Hannah@Angulo.de,Ahornweg,55,11165,Bonn,Deutschland,49654321,08-01-1984,1186841,EQS 450+ SUV,0,0,0,Vehicle pick-up in-house (place of provision),Nein,0,30,60000,7000,0,Deutschland,deutsch,Reisepass,L1P0KLPFW8,Deutschland,01-01-2020,01-01-2023,Verbeamtet,6000,18-08-2022,Verheiratet,2,DE06200505501484526239
Frau,Hannah,Angulo,Hannah@Angulo.de,Ahornweg,55,11165,Bonn,Deutschland,49654321,08-01-1984,1186861,EQS 450+ SUV,0,0,0,Vehicle pick-up in-house (place of provision),Nein,0,30,60000,7000,0,Deutschland,deutsch,Reisepass,L1P0KLPFW8,Deutschland,01-01-2020,01-01-2023,Verbeamtet,6000,18-08-2022,Verheiratet,2,DE06200505501484526239
Frau,Hannah,Angulo,Hannah@Angulo.de,Ahornweg,55,11165,Bonn,Deutschland,49654321,08-01-1984,1186871,EQS 450+ SUV,0,0,0,Vehicle pick-up in-house (place of provision),Nein,0,30,60000,7000,0,Deutschland,deutsch,Reisepass,L1P0KLPFW8,Deutschland,01-01-2020,01-01-2023,Verbeamtet,6000,18-08-2022,Verheiratet,2,DE06200505501484526239
Frau,Hannah,Angulo,Hannah@Angulo.de,Ahornweg,55,11165,Bonn,Deutschland,49654321,08-01-1984,1671091,EQS 450+ SUV,0,0,0,Vehicle pick-up in-house (place of provision),Nein,0,30,60000,7000,0,Deutschland,deutsch,Reisepass,L1P0KLPFW8,Deutschland,01-01-2020,01-01-2023,Verbeamtet,6000,18-08-2022,Verheiratet,2,DE06200505501484526239
Frau,Hannah,Angulo,Hannah@Angulo.de,Ahornweg,55,11165,Bonn,Deutschland,49654321,08-01-1984,1671171,EQS 450+ SUV,0,0,0,Vehicle pick-up in-house (place of provision),Nein,0,30,60000,7000,0,Deutschland,deutsch,Reisepass,L1P0KLPFW8,Deutschland,01-01-2020,01-01-2023,Verbeamtet,6000,18-08-2022,Verheiratet,2,DE06200505501484526239
Frau,Hannah,Angulo,Hannah@Angulo.de,Ahornweg,55,11165,Bonn,Deutschland,49654321,08-01-1984,1671231,EQS 450+ SUV,0,0,0,Vehicle pick-up in-house (place of provision),Nein,0,30,60000,7000,0,Deutschland,deutsch,Reisepass,L1P0KLPFW8,Deutschland,01-01-2020,01-01-2023,Verbeamtet,6000,18-08-2022,Verheiratet,2,DE06200505501484526239
Frau,Hannah,Angulo,Hannah@Angulo.de,Ahornweg,55,11165,Bonn,Deutschland,49654321,08-01-1984,1671541,EQS 450+ SUV,0,0,0,Vehicle pick-up in-house (place of provision),Nein,0,30,60000,7000,0,Deutschland,deutsch,Reisepass,L1P0KLPFW8,Deutschland,01-01-2020,01-01-2023,Verbeamtet,6000,18-08-2022,Verheiratet,2,DE06200505501484526239
Frau,Hannah,Angulo,Hannah@Angulo.de,Ahornweg,55,11165,Bonn,Deutschland,49654321,08-01-1984,1671591,EQS 450+ SUV,0,0,0,Vehicle pick-up in-house (place of provision),Nein,0,30,60000,7000,0,Deutschland,deutsch,Reisepass,L1P0KLPFW8,Deutschland,01-01-2020,01-01-2023,Verbeamtet,6000,18-08-2022,Verheiratet,2,DE06200505501484526239
Frau,Hannah,Angulo,Hannah@Angulo.de,Ahornweg,55,11165,Bonn,Deutschland,49654321,08-01-1984,1671611,EQS 450+ SUV,0,0,0,Vehicle pick-up in-house (place of provision),Nein,0,30,60000,7000,0,Deutschland,deutsch,Reisepass,L1P0KLPFW8,Deutschland,01-01-2020,01-01-2023,Verbeamtet,6000,18-08-2022,Verheiratet,2,DE06200505501484526239
Frau,Hannah,Angulo,Hannah@Angulo.de,Ahornweg,55,11165,Bonn,Deutschland,49654321,08-01-1984,1671861,EQS 450+ SUV,0,0,0,Vehicle pick-up in-house (place of provision),Nein,0,30,60000,7000,0,Deutschland,deutsch,Reisepass,L1P0KLPFW8,Deutschland,01-01-2020,01-01-2023,Verbeamtet,6000,18-08-2022,Verheiratet,2,DE06200505501484526239
Frau,Hannah,Angulo,Hannah@Angulo.de,Ahornweg,55,11165,Bonn,Deutschland,49654321,08-01-1984,1671881,EQS 450+ SUV,0,0,0,Vehicle pick-up in-house (place of provision),Nein,0,30,60000,7000,0,Deutschland,deutsch,Reisepass,L1P0KLPFW8,Deutschland,01-01-2020,01-01-2023,Verbeamtet,6000,18-08-2022,Verheiratet,2,DE06200505501484526239
Frau,Hannah,Angulo,Hannah@Angulo.de,Ahornweg,55,11165,Bonn,Deutschland,49654321,08-01-1984,1671891,EQS 450+ SUV,0,0,0,Vehicle pick-up in-house (place of provision),Nein,0,30,60000,7000,0,Deutschland,deutsch,Reisepass,L1P0KLPFW8,Deutschland,01-01-2020,01-01-2023,Verbeamtet,6000,18-08-2022,Verheiratet,2,DE06200505501484526239
Frau,Hannah,Angulo,Hannah@Angulo.de,Ahornweg,55,11165,Bonn,Deutschland,49654321,08-01-1984,1673091,EQS 450+ SUV,0,0,0,Vehicle pick-up in-house (place of provision),Nein,0,30,60000,7000,0,Deutschland,deutsch,Reisepass,L1P0KLPFW8,Deutschland,01-01-2020,01-01-2023,Verbeamtet,6000,18-08-2022,Verheiratet,2,DE06200505501484526239
Frau,Hannah,Angulo,Hannah@Angulo.de,Ahornweg,55,11165,Bonn,Deutschland,49654321,08-01-1984,1673171,EQS 450+ SUV,0,0,0,Vehicle pick-up in-house (place of provision),Nein,0,30,60000,7000,0,Deutschland,deutsch,Reisepass,L1P0KLPFW8,Deutschland,01-01-2020,01-01-2023,Verbeamtet,6000,18-08-2022,Verheiratet,2,DE06200505501484526239
Frau,Hannah,Angulo,Hannah@Angulo.de,Ahornweg,55,11165,Bonn,Deutschland,49654321,08-01-1984,1673231,EQS 450+ SUV,0,0,0,Vehicle pick-up in-house (place of provision),Nein,0,30,60000,7000,0,Deutschland,deutsch,Reisepass,L1P0KLPFW8,Deutschland,01-01-2020,01-01-2023,Verbeamtet,6000,18-08-2022,Verheiratet,2,DE06200505501484526239
Frau,Hannah,Angulo,Hannah@Angulo.de,Ahornweg,55,11165,Bonn,Deutschland,49654321,08-01-1984,1673541,EQS 450+ SUV,0,0,0,Vehicle pick-up in-house (place of provision),Nein,0,30,60000,7000,0,Deutschland,deutsch,Reisepass,L1P0KLPFW8,Deutschland,01-01-2020,01-01-2023,Verbeamtet,6000,18-08-2022,Verheiratet,2,DE06200505501484526239
Frau,Hannah,Angulo,Hannah@Angulo.de,Ahornweg,55,11165,Bonn,Deutschland,49654321,08-01-1984,1673611,EQS 450+ SUV,0,0,0,Vehicle pick-up in-house (place of provision),Nein,0,30,60000,7000,0,Deutschland,deutsch,Reisepass,L1P0KLPFW8,Deutschland,01-01-2020,01-01-2023,Verbeamtet,6000,18-08-2022,Verheiratet,2,DE06200505501484526239
Frau,Hannah,Angulo,Hannah@Angulo.de,Ahornweg,55,11165,Bonn,Deutschland,49654321,08-01-1984,1673881,EQS 450+ SUV,0,0,0,Vehicle pick-up in-house (place of provision),Nein,0,30,60000,7000,0,Deutschland,deutsch,Reisepass,L1P0KLPFW8,Deutschland,01-01-2020,01-01-2023,Verbeamtet,6000,18-08-2022,Verheiratet,2,DE06200505501484526239
Frau,Hannah,Angulo,Hannah@Angulo.de,Ahornweg,55,11165,Bonn,Deutschland,49654321,08-01-1984,1673891,EQS 450+ SUV,0,0,0,Vehicle pick-up in-house (place of provision),Nein,0,30,60000,7000,0,Deutschland,deutsch,Reisepass,L1P0KLPFW8,Deutschland,01-01-2020,01-01-2023,Verbeamtet,6000,18-08-2022,Verheiratet,2,DE06200505501484526239
Frau,Hannah,Angulo,Hannah@Angulo.de,Ahornweg,55,11165,Bonn,Deutschland,49654321,08-01-1984,1679211,EQS 450+ SUV,0,0,0,Vehicle pick-up in-house (place of provision),Nein,0,30,60000,7000,0,Deutschland,deutsch,Reisepass,L1P0KLPFW8,Deutschland,01-01-2020,01-01-2023,Verbeamtet,6000,18-08-2022,Verheiratet,2,DE06200505501484526239
Frau,Hannah,Angulo,Hannah@Angulo.de,Ahornweg,55,11165,Bonn,Deutschland,49654321,08-01-1984,1679231,EQS 450+ SUV,0,0,0,Vehicle pick-up in-house (place of provision),Nein,0,30,60000,7000,0,Deutschland,deutsch,Reisepass,L1P0KLPFW8,Deutschland,01-01-2020,01-01-2023,Verbeamtet,6000,18-08-2022,Verheiratet,2,DE06200505501484526239
Frau,Hannah,Angulo,Hannah@Angulo.de,Ahornweg,55,11165,Bonn,Deutschland,49654321,08-01-1984,1679591,EQS 450+ SUV,0,0,0,Vehicle pick-up in-house (place of provision),Nein,0,30,60000,7000,0,Deutschland,deutsch,Reisepass,L1P0KLPFW8,Deutschland,01-01-2020,01-01-2023,Verbeamtet,6000,18-08-2022,Verheiratet,2,DE06200505501484526239
Frau,Hannah,Angulo,Hannah@Angulo.de,Ahornweg,55,11165,Bonn,Deutschland,49654321,08-01-1984,1679861,EQS 450+ SUV,0,0,0,Vehicle pick-up in-house (place of provision),Nein,0,30,60000,7000,0,Deutschland,deutsch,Reisepass,L1P0KLPFW8,Deutschland,01-01-2020,01-01-2023,Verbeamtet,6000,18-08-2022,Verheiratet,2,DE06200505501484526239
Frau,Hannah,Angulo,Hannah@Angulo.de,Ahornweg,55,11165,Bonn,Deutschland,49654321,08-01-1984,1679871,EQS 450+ SUV,0,0,0,Vehicle pick-up in-house (place of provision),Nein,0,30,60000,7000,0,Deutschland,deutsch,Reisepass,L1P0KLPFW8,Deutschland,01-01-2020,01-01-2023,Verbeamtet,6000,18-08-2022,Verheiratet,2,DE06200505501484526239
Frau,Hannah,Angulo,Hannah@Angulo.de,Ahornweg,55,11165,Bonn,Deutschland,49654321,08-01-1984,1679891,EQS 450+ SUV,0,0,0,Vehicle pick-up in-house (place of provision),Nein,0,30,60000,7000,0,Deutschland,deutsch,Reisepass,L1P0KLPFW8,Deutschland,01-01-2020,01-01-2023,Verbeamtet,6000,18-08-2022,Verheiratet,2,DE06200505501484526239
Frau,Hannah,Angulo,Hannah@Angulo.de,Ahornweg,55,11165,Bonn,Deutschland,49654321,08-01-1984,1770101,EQS 450+ SUV,0,0,0,Vehicle pick-up in-house (place of provision),Nein,0,30,60000,7000,0,Deutschland,deutsch,Reisepass,L1P0KLPFW8,Deutschland,01-01-2020,01-01-2023,Verbeamtet,6000,18-08-2022,Verheiratet,2,DE06200505501484526239
Frau,Hannah,Angulo,Hannah@Angulo.de,Ahornweg,55,11165,Bonn,Deutschland,49654321,08-01-1984,1770121,EQS 450+ SUV,0,0,0,Vehicle pick-up in-house (place of provision),Nein,0,30,60000,7000,0,Deutschland,deutsch,Reisepass,L1P0KLPFW8,Deutschland,01-01-2020,01-01-2023,Verbeamtet,6000,18-08-2022,Verheiratet,2,DE06200505501484526239
Frau,Hannah,Angulo,Hannah@Angulo.de,Ahornweg,55,11165,Bonn,Deutschland,49654321,08-01-1984,1770141,EQS 450+ SUV,0,0,0,Vehicle pick-up in-house (place of provision),Nein,0,30,60000,7000,0,Deutschland,deutsch,Reisepass,L1P0KLPFW8,Deutschland,01-01-2020,01-01-2023,Verbeamtet,6000,18-08-2022,Verheiratet,2,DE06200505501484526239
Frau,Hannah,Angulo,Hannah@Angulo.de,Ahornweg,55,11165,Bonn,Deutschland,49654321,08-01-1984,1770471,EQS 450+ SUV,0,0,0,Vehicle pick-up in-house (place of provision),Nein,0,30,60000,7000,0,Deutschland,deutsch,Reisepass,L1P0KLPFW8,Deutschland,01-01-2020,01-01-2023,Verbeamtet,6000,18-08-2022,Verheiratet,2,DE06200505501484526239
Frau,Hannah,Angulo,Hannah@Angulo.de,Ahornweg,55,11165,Bonn,Deutschland,49654321,08-01-1984,1770511,EQS 450+ SUV,0,0,0,Vehicle pick-up in-house (place of provision),Nein,0,30,60000,7000,0,Deutschland,deutsch,Reisepass,L1P0KLPFW8,Deutschland,01-01-2020,01-01-2023,Verbeamtet,6000,18-08-2022,Verheiratet,2,DE06200505501484526239
Frau,Hannah,Angulo,Hannah@Angulo.de,Ahornweg,55,11165,Bonn,Deutschland,49654321,08-01-1984,1770541,EQS 450+ SUV,0,0,0,Vehicle pick-up in-house (place of provision),Nein,0,30,60000,7000,0,Deutschland,deutsch,Reisepass,L1P0KLPFW8,Deutschland,01-01-2020,01-01-2023,Verbeamtet,6000,18-08-2022,Verheiratet,2,DE06200505501484526239
Frau,Hannah,Angulo,Hannah@Angulo.de,Ahornweg,55,11165,Bonn,Deutschland,49654321,08-01-1984,1770841,EQS 450+ SUV,0,0,0,Vehicle pick-up in-house (place of provision),Nein,0,30,60000,7000,0,Deutschland,deutsch,Reisepass,L1P0KLPFW8,Deutschland,01-01-2020,01-01-2023,Verbeamtet,6000,18-08-2022,Verheiratet,2,DE06200505501484526239
Frau,Hannah,Angulo,Hannah@Angulo.de,Ahornweg,55,11165,Bonn,Deutschland,49654321,08-01-1984,1770861,EQS 450+ SUV,0,0,0,Vehicle pick-up in-house (place of provision),Nein,0,30,60000,7000,0,Deutschland,deutsch,Reisepass,L1P0KLPFW8,Deutschland,01-01-2020,01-01-2023,Verbeamtet,6000,18-08-2022,Verheiratet,2,DE06200505501484526239
Frau,Hannah,Angulo,Hannah@Angulo.de,Ahornweg,55,11165,Bonn,Deutschland,49654321,08-01-1984,1770871,EQS 450+ SUV,0,0,0,Vehicle pick-up in-house (place of provision),Nein,0,30,60000,7000,0,Deutschland,deutsch,Reisepass,L1P0KLPFW8,Deutschland,01-01-2020,01-01-2023,Verbeamtet,6000,18-08-2022,Verheiratet,2,DE06200505501484526239
Frau,Hannah,Angulo,Hannah@Angulo.de,Ahornweg,55,11165,Bonn,Deutschland,49654321,08-01-1984,1771101,EQS 450+ SUV,0,0,0,Vehicle pick-up in-house (place of provision),Nein,0,30,60000,7000,0,Deutschland,deutsch,Reisepass,L1P0KLPFW8,Deutschland,01-01-2020,01-01-2023,Verbeamtet,6000,18-08-2022,Verheiratet,2,DE06200505501484526239
Frau,Hannah,Angulo,Hannah@Angulo.de,Ahornweg,55,11165,Bonn,Deutschland,49654321,08-01-1984,1771121,EQS 450+ SUV,0,0,0,Vehicle pick-up in-house (place of provision),Nein,0,30,60000,7000,0,Deutschland,deutsch,Reisepass,L1P0KLPFW8,Deutschland,01-01-2020,01-01-2023,Verbeamtet,6000,18-08-2022,Verheiratet,2,DE06200505501484526239
Frau,Hannah,Angulo,Hannah@Angulo.de,Ahornweg,55,11165,Bonn,Deutschland,49654321,08-01-1984,1771141,EQS 450+ SUV,0,0,0,Vehicle pick-up in-house (place of provision),Nein,0,30,60000,7000,0,Deutschland,deutsch,Reisepass,L1P0KLPFW8,Deutschland,01-01-2020,01-01-2023,Verbeamtet,6000,18-08-2022,Verheiratet,2,DE06200505501484526239
Frau,Hannah,Angulo,Hannah@Angulo.de,Ahornweg,55,11165,Bonn,Deutschland,49654321,08-01-1984,1771471,EQS 450+ SUV,0,0,0,Vehicle pick-up in-house (place of provision),Nein,0,30,60000,7000,0,Deutschland,deutsch,Reisepass,L1P0KLPFW8,Deutschland,01-01-2020,01-01-2023,Verbeamtet,6000,18-08-2022,Verheiratet,2,DE06200505501484526239
Frau,Hannah,Angulo,Hannah@Angulo.de,Ahornweg,55,11165,Bonn,Deutschland,49654321,08-01-1984,1771511,EQS 450+ SUV,0,0,0,Vehicle pick-up in-house (place of provision),Nein,0,30,60000,7000,0,Deutschland,deutsch,Reisepass,L1P0KLPFW8,Deutschland,01-01-2020,01-01-2023,Verbeamtet,6000,18-08-2022,Verheiratet,2,DE06200505501484526239
Frau,Hannah,Angulo,Hannah@Angulo.de,Ahornweg,55,11165,Bonn,Deutschland,49654321,08-01-1984,1771841,EQS 450+ SUV,0,0,0,Vehicle pick-up in-house (place of provision),Nein,0,30,60000,7000,0,Deutschland,deutsch,Reisepass,L1P0KLPFW8,Deutschland,01-01-2020,01-01-2023,Verbeamtet,6000,18-08-2022,Verheiratet,2,DE06200505501484526239
Frau,Hannah,Angulo,Hannah@Angulo.de,Ahornweg,55,11165,Bonn,Deutschland,49654321,08-01-1984,1771861,EQS 450+ SUV,0,0,0,Vehicle pick-up in-house (place of provision),Nein,0,30,60000,7000,0,Deutschland,deutsch,Reisepass,L1P0KLPFW8,Deutschland,01-01-2020,01-01-2023,Verbeamtet,6000,18-08-2022,Verheiratet,2,DE06200505501484526239
Frau,Hannah,Angulo,Hannah@Angulo.de,Ahornweg,55,11165,Bonn,Deutschland,49654321,08-01-1984,1771871,EQS 450+ SUV,0,0,0,Vehicle pick-up in-house (place of provision),Nein,0,30,60000,7000,0,Deutschland,deutsch,Reisepass,L1P0KLPFW8,Deutschland,01-01-2020,01-01-2023,Verbeamtet,6000,18-08-2022,Verheiratet,2,DE06200505501484526239
Frau,Hannah,Angulo,Hannah@Angulo.de,Ahornweg,55,11165,Bonn,Deutschland,49654321,08-01-1984,2053141,EQS 450+ SUV,0,0,0,Vehicle pick-up in-house (place of provision),Nein,0,30,60000,7000,0,Deutschland,deutsch,Reisepass,L1P0KLPFW8,Deutschland,01-01-2020,01-01-2023,Verbeamtet,6000,18-08-2022,Verheiratet,2,DE06200505501484526239
Frau,Hannah,Angulo,Hannah@Angulo.de,Ahornweg,55,11165,Bonn,Deutschland,49654321,08-01-1984,2053151,EQS 450+ SUV,0,0,0,Vehicle pick-up in-house (place of provision),Nein,0,30,60000,7000,0,Deutschland,deutsch,Reisepass,L1P0KLPFW8,Deutschland,01-01-2020,01-01-2023,Verbeamtet,6000,18-08-2022,Verheiratet,2,DE06200505501484526239
Frau,Hannah,Angulo,Hannah@Angulo.de,Ahornweg,55,11165,Bonn,Deutschland,49654321,08-01-1984,2053181,EQS 450+ SUV,0,0,0,Vehicle pick-up in-house (place of provision),Nein,0,30,60000,7000,0,Deutschland,deutsch,Reisepass,L1P0KLPFW8,Deutschland,01-01-2020,01-01-2023,Verbeamtet,6000,18-08-2022,Verheiratet,2,DE06200505501484526239
Frau,Hannah,Angulo,Hannah@Angulo.de,Ahornweg,55,11165,Bonn,Deutschland,49654321,08-01-1984,2053641,EQS 450+ SUV,0,0,0,Vehicle pick-up in-house (place of provision),Nein,0,30,60000,7000,0,Deutschland,deutsch,Reisepass,L1P0KLPFW8,Deutschland,01-01-2020,01-01-2023,Verbeamtet,6000,18-08-2022,Verheiratet,2,DE06200505501484526239
Frau,Hannah,Angulo,Hannah@Angulo.de,Ahornweg,55,11165,Bonn,Deutschland,49654321,08-01-1984,2053761,EQS 450+ SUV,0,0,0,Vehicle pick-up in-house (place of provision),Nein,0,30,60000,7000,0,Deutschland,deutsch,Reisepass,L1P0KLPFW8,Deutschland,01-01-2020,01-01-2023,Verbeamtet,6000,18-08-2022,Verheiratet,2,DE06200505501484526239
Frau,Hannah,Angulo,Hannah@Angulo.de,Ahornweg,55,11165,Bonn,Deutschland,49654321,08-01-1984,2053771,EQS 450+ SUV,0,0,0,Vehicle pick-up in-house (place of provision),Nein,0,30,60000,7000,0,Deutschland,deutsch,Reisepass,L1P0KLPFW8,Deutschland,01-01-2020,01-01-2023,Verbeamtet,6000,18-08-2022,Verheiratet,2,DE06200505501484526239
Frau,Hannah,Angulo,Hannah@Angulo.de,Ahornweg,55,11165,Bonn,Deutschland,49654321,08-01-1984,2053781,EQS 450+ SUV,0,0,0,Vehicle pick-up in-house (place of provision),Nein,0,30,60000,7000,0,Deutschland,deutsch,Reisepass,L1P0KLPFW8,Deutschland,01-01-2020,01-01-2023,Verbeamtet,6000,18-08-2022,Verheiratet,2,DE06200505501484526239
Frau,Hannah,Angulo,Hannah@Angulo.de,Ahornweg,55,11165,Bonn,Deutschland,49654321,08-01-1984,2053831,EQS 450+ SUV,0,0,0,Vehicle pick-up in-house (place of provision),Nein,0,30,60000,7000,0,Deutschland,deutsch,Reisepass,L1P0KLPFW8,Deutschland,01-01-2020,01-01-2023,Verbeamtet,6000,18-08-2022,Verheiratet,2,DE06200505501484526239
Frau,Hannah,Angulo,Hannah@Angulo.de,Ahornweg,55,11165,Bonn,Deutschland,49654321,08-01-1984,2053841,EQS 450+ SUV,0,0,0,Vehicle pick-up in-house (place of provision),Nein,0,30,60000,7000,0,Deutschland,deutsch,Reisepass,L1P0KLPFW8,Deutschland,01-01-2020,01-01-2023,Verbeamtet,6000,18-08-2022,Verheiratet,2,DE06200505501484526239
Frau,Hannah,Angulo,Hannah@Angulo.de,Ahornweg,55,11165,Bonn,Deutschland,49654321,08-01-1984,2053861,EQS 450+ SUV,0,0,0,Vehicle pick-up in-house (place of provision),Nein,0,30,60000,7000,0,Deutschland,deutsch,Reisepass,L1P0KLPFW8,Deutschland,01-01-2020,01-01-2023,Verbeamtet,6000,18-08-2022,Verheiratet,2,DE06200505501484526239
Frau,Hannah,Angulo,Hannah@Angulo.de,Ahornweg,55,11165,Bonn,Deutschland,49654321,08-01-1984,2053871,EQS 450+ SUV,0,0,0,Vehicle pick-up in-house (place of provision),Nein,0,30,60000,7000,0,Deutschland,deutsch,Reisepass,L1P0KLPFW8,Deutschland,01-01-2020,01-01-2023,Verbeamtet,6000,18-08-2022,Verheiratet,2,DE06200505501484526239
Frau,Hannah,Angulo,Hannah@Angulo.de,Ahornweg,55,11165,Bonn,Deutschland,49654321,08-01-1984,2054141,EQS 450+ SUV,0,0,0,Vehicle pick-up in-house (place of provision),Nein,0,30,60000,7000,0,Deutschland,deutsch,Reisepass,L1P0KLPFW8,Deutschland,01-01-2020,01-01-2023,Verbeamtet,6000,18-08-2022,Verheiratet,2,DE06200505501484526239
Frau,Hannah,Angulo,Hannah@Angulo.de,Ahornweg,55,11165,Bonn,Deutschland,49654321,08-01-1984,2054151,EQS 450+ SUV,0,0,0,Vehicle pick-up in-house (place of provision),Nein,0,30,60000,7000,0,Deutschland,deutsch,Reisepass,L1P0KLPFW8,Deutschland,01-01-2020,01-01-2023,Verbeamtet,6000,18-08-2022,Verheiratet,2,DE06200505501484526239
Frau,Hannah,Angulo,Hannah@Angulo.de,Ahornweg,55,11165,Bonn,Deutschland,49654321,08-01-1984,2054181,EQS 450+ SUV,0,0,0,Vehicle pick-up in-house (place of provision),Nein,0,30,60000,7000,0,Deutschland,deutsch,Reisepass,L1P0KLPFW8,Deutschland,01-01-2020,01-01-2023,Verbeamtet,6000,18-08-2022,Verheiratet,2,DE06200505501484526239
Frau,Hannah,Angulo,Hannah@Angulo.de,Ahornweg,55,11165,Bonn,Deutschland,49654321,08-01-1984,2054641,EQS 450+ SUV,0,0,0,Vehicle pick-up in-house (place of provision),Nein,0,30,60000,7000,0,Deutschland,deutsch,Reisepass,L1P0KLPFW8,Deutschland,01-01-2020,01-01-2023,Verbeamtet,6000,18-08-2022,Verheiratet,2,DE06200505501484526239
Frau,Hannah,Angulo,Hannah@Angulo.de,Ahornweg,55,11165,Bonn,Deutschland,49654321,08-01-1984,2054661,EQS 450+ SUV,0,0,0,Vehicle pick-up in-house (place of provision),Nein,0,30,60000,7000,0,Deutschland,deutsch,Reisepass,L1P0KLPFW8,Deutschland,01-01-2020,01-01-2023,Verbeamtet,6000,18-08-2022,Verheiratet,2,DE06200505501484526239
Frau,Hannah,Angulo,Hannah@Angulo.de,Ahornweg,55,11165,Bonn,Deutschland,49654321,08-01-1984,2054761,EQS 450+ SUV,0,0,0,Vehicle pick-up in-house (place of provision),Nein,0,30,60000,7000,0,Deutschland,deutsch,Reisepass,L1P0KLPFW8,Deutschland,01-01-2020,01-01-2023,Verbeamtet,6000,18-08-2022,Verheiratet,2,DE06200505501484526239
Frau,Hannah,Angulo,Hannah@Angulo.de,Ahornweg,55,11165,Bonn,Deutschland,49654321,08-01-1984,2054771,EQS 450+ SUV,0,0,0,Vehicle pick-up in-house (place of provision),Nein,0,30,60000,7000,0,Deutschland,deutsch,Reisepass,L1P0KLPFW8,Deutschland,01-01-2020,01-01-2023,Verbeamtet,6000,18-08-2022,Verheiratet,2,DE06200505501484526239
Frau,Hannah,Angulo,Hannah@Angulo.de,Ahornweg,55,11165,Bonn,Deutschland,49654321,08-01-1984,2054781,EQS 450+ SUV,0,0,0,Vehicle pick-up in-house (place of provision),Nein,0,30,60000,7000,0,Deutschland,deutsch,Reisepass,L1P0KLPFW8,Deutschland,01-01-2020,01-01-2023,Verbeamtet,6000,18-08-2022,Verheiratet,2,DE06200505501484526239
Frau,Hannah,Angulo,Hannah@Angulo.de,Ahornweg,55,11165,Bonn,Deutschland,49654321,08-01-1984,2054831,EQS 450+ SUV,0,0,0,Vehicle pick-up in-house (place of provision),Nein,0,30,60000,7000,0,Deutschland,deutsch,Reisepass,L1P0KLPFW8,Deutschland,01-01-2020,01-01-2023,Verbeamtet,6000,18-08-2022,Verheiratet,2,DE06200505501484526239
Frau,Hannah,Angulo,Hannah@Angulo.de,Ahornweg,55,11165,Bonn,Deutschland,49654321,08-01-1984,2054841,EQS 450+ SUV,0,0,0,Vehicle pick-up in-house (place of provision),Nein,0,30,60000,7000,0,Deutschland,deutsch,Reisepass,L1P0KLPFW8,Deutschland,01-01-2020,01-01-2023,Verbeamtet,6000,18-08-2022,Verheiratet,2,DE06200505501484526239
Frau,Hannah,Angulo,Hannah@Angulo.de,Ahornweg,55,11165,Bonn,Deutschland,49654321,08-01-1984,2054861,EQS 450+ SUV,0,0,0,Vehicle pick-up in-house (place of provision),Nein,0,30,60000,7000,0,Deutschland,deutsch,Reisepass,L1P0KLPFW8,Deutschland,01-01-2020,01-01-2023,Verbeamtet,6000,18-08-2022,Verheiratet,2,DE06200505501484526239
Frau,Hannah,Angulo,Hannah@Angulo.de,Ahornweg,55,11165,Bonn,Deutschland,49654321,08-01-1984,2054871,EQS 450+ SUV,0,0,0,Vehicle pick-up in-house (place of provision),Nein,0,30,60000,7000,0,Deutschland,deutsch,Reisepass,L1P0KLPFW8,Deutschland,01-01-2020,01-01-2023,Verbeamtet,6000,18-08-2022,Verheiratet,2,DE06200505501484526239
Frau,Hannah,Angulo,Hannah@Angulo.de,Ahornweg,55,11165,Bonn,Deutschland,49654321,08-01-1984,2060031,EQS 450+ SUV,0,0,0,Vehicle pick-up in-house (place of provision),Nein,0,30,60000,7000,0,Deutschland,deutsch,Reisepass,L1P0KLPFW8,Deutschland,01-01-2020,01-01-2023,Verbeamtet,6000,18-08-2022,Verheiratet,2,DE06200505501484526239
Frau,Hannah,Angulo,Hannah@Angulo.de,Ahornweg,55,11165,Bonn,Deutschland,49654321,08-01-1984,2060041,EQS 450+ SUV,0,0,0,Vehicle pick-up in-house (place of provision),Nein,0,30,60000,7000,0,Deutschland,deutsch,Reisepass,L1P0KLPFW8,Deutschland,01-01-2020,01-01-2023,Verbeamtet,6000,18-08-2022,Verheiratet,2,DE06200505501484526239
Frau,Hannah,Angulo,Hannah@Angulo.de,Ahornweg,55,11165,Bonn,Deutschland,49654321,08-01-1984,2060051,EQS 450+ SUV,0,0,0,Vehicle pick-up in-house (place of provision),Nein,0,30,60000,7000,0,Deutschland,deutsch,Reisepass,L1P0KLPFW8,Deutschland,01-01-2020,01-01-2023,Verbeamtet,6000,18-08-2022,Verheiratet,2,DE06200505501484526239
Frau,Hannah,Angulo,Hannah@Angulo.de,Ahornweg,55,11165,Bonn,Deutschland,49654321,08-01-1984,2060061,EQS 450+ SUV,0,0,0,Vehicle pick-up in-house (place of provision),Nein,0,30,60000,7000,0,Deutschland,deutsch,Reisepass,L1P0KLPFW8,Deutschland,01-01-2020,01-01-2023,Verbeamtet,6000,18-08-2022,Verheiratet,2,DE06200505501484526239
Frau,Hannah,Angulo,Hannah@Angulo.de,Ahornweg,55,11165,Bonn,Deutschland,49654321,08-01-1984,2060071,EQS 450+ SUV,0,0,0,Vehicle pick-up in-house (place of provision),Nein,0,30,60000,7000,0,Deutschland,deutsch,Reisepass,L1P0KLPFW8,Deutschland,01-01-2020,01-01-2023,Verbeamtet,6000,18-08-2022,Verheiratet,2,DE06200505501484526239
Frau,Hannah,Angulo,Hannah@Angulo.de,Ahornweg,55,11165,Bonn,Deutschland,49654321,08-01-1984,2060411,EQS 450+ SUV,0,0,0,Vehicle pick-up in-house (place of provision),Nein,0,30,60000,7000,0,Deutschland,deutsch,Reisepass,L1P0KLPFW8,Deutschland,01-01-2020,01-01-2023,Verbeamtet,6000,18-08-2022,Verheiratet,2,DE06200505501484526239
Frau,Hannah,Angulo,Hannah@Angulo.de,Ahornweg,55,11165,Bonn,Deutschland,49654321,08-01-1984,2060421,EQS 450+ SUV,0,0,0,Vehicle pick-up in-house (place of provision),Nein,0,30,60000,7000,0,Deutschland,deutsch,Reisepass,L1P0KLPFW8,Deutschland,01-01-2020,01-01-2023,Verbeamtet,6000,18-08-2022,Verheiratet,2,DE06200505501484526239
Frau,Hannah,Angulo,Hannah@Angulo.de,Ahornweg,55,11165,Bonn,Deutschland,49654321,08-01-1984,2060431,EQS 450+ SUV,0,0,0,Vehicle pick-up in-house (place of provision),Nein,0,30,60000,7000,0,Deutschland,deutsch,Reisepass,L1P0KLPFW8,Deutschland,01-01-2020,01-01-2023,Verbeamtet,6000,18-08-2022,Verheiratet,2,DE06200505501484526239
Frau,Hannah,Angulo,Hannah@Angulo.de,Ahornweg,55,11165,Bonn,Deutschland,49654321,08-01-1984,2060461,EQS 450+ SUV,0,0,0,Vehicle pick-up in-house (place of provision),Nein,0,30,60000,7000,0,Deutschland,deutsch,Reisepass,L1P0KLPFW8,Deutschland,01-01-2020,01-01-2023,Verbeamtet,6000,18-08-2022,Verheiratet,2,DE06200505501484526239
Frau,Hannah,Angulo,Hannah@Angulo.de,Ahornweg,55,11165,Bonn,Deutschland,49654321,08-01-1984,2060471,EQS 450+ SUV,0,0,0,Vehicle pick-up in-house (place of provision),Nein,0,30,60000,7000,0,Deutschland,deutsch,Reisepass,L1P0KLPFW8,Deutschland,01-01-2020,01-01-2023,Verbeamtet,6000,18-08-2022,Verheiratet,2,DE06200505501484526239
Frau,Hannah,Angulo,Hannah@Angulo.de,Ahornweg,55,11165,Bonn,Deutschland,49654321,08-01-1984,2060541,EQS 450+ SUV,0,0,0,Vehicle pick-up in-house (place of provision),Nein,0,30,60000,7000,0,Deutschland,deutsch,Reisepass,L1P0KLPFW8,Deutschland,01-01-2020,01-01-2023,Verbeamtet,6000,18-08-2022,Verheiratet,2,DE06200505501484526239
Frau,Hannah,Angulo,Hannah@Angulo.de,Ahornweg,55,11165,Bonn,Deutschland,49654321,08-01-1984,2060561,EQS 450+ SUV,0,0,0,Vehicle pick-up in-house (place of provision),Nein,0,30,60000,7000,0,Deutschland,deutsch,Reisepass,L1P0KLPFW8,Deutschland,01-01-2020,01-01-2023,Verbeamtet,6000,18-08-2022,Verheiratet,2,DE06200505501484526239
Frau,Hannah,Angulo,Hannah@Angulo.de,Ahornweg,55,11165,Bonn,Deutschland,49654321,08-01-1984,2060871,EQS 450+ SUV,0,0,0,Vehicle pick-up in-house (place of provision),Nein,0,30,60000,7000,0,Deutschland,deutsch,Reisepass,L1P0KLPFW8,Deutschland,01-01-2020,01-01-2023,Verbeamtet,6000,18-08-2022,Verheiratet,2,DE06200505501484526239
Frau,Hannah,Angulo,Hannah@Angulo.de,Ahornweg,55,11165,Bonn,Deutschland,49654321,08-01-1984,2062031,EQS 450+ SUV,0,0,0,Vehicle pick-up in-house (place of provision),Nein,0,30,60000,7000,0,Deutschland,deutsch,Reisepass,L1P0KLPFW8,Deutschland,01-01-2020,01-01-2023,Verbeamtet,6000,18-08-2022,Verheiratet,2,DE06200505501484526239
Frau,Hannah,Angulo,Hannah@Angulo.de,Ahornweg,55,11165,Bonn,Deutschland,49654321,08-01-1984,2062041,EQS 450+ SUV,0,0,0,Vehicle pick-up in-house (place of provision),Nein,0,30,60000,7000,0,Deutschland,deutsch,Reisepass,L1P0KLPFW8,Deutschland,01-01-2020,01-01-2023,Verbeamtet,6000,18-08-2022,Verheiratet,2,DE06200505501484526239
Frau,Hannah,Angulo,Hannah@Angulo.de,Ahornweg,55,11165,Bonn,Deutschland,49654321,08-01-1984,2062061,EQS 450+ SUV,0,0,0,Vehicle pick-up in-house (place of provision),Nein,0,30,60000,7000,0,Deutschland,deutsch,Reisepass,L1P0KLPFW8,Deutschland,01-01-2020,01-01-2023,Verbeamtet,6000,18-08-2022,Verheiratet,2,DE06200505501484526239
Frau,Hannah,Angulo,Hannah@Angulo.de,Ahornweg,55,11165,Bonn,Deutschland,49654321,08-01-1984,2062141,EQS 450+ SUV,0,0,0,Vehicle pick-up in-house (place of provision),Nein,0,30,60000,7000,0,Deutschland,deutsch,Reisepass,L1P0KLPFW8,Deutschland,01-01-2020,01-01-2023,Verbeamtet,6000,18-08-2022,Verheiratet,2,DE06200505501484526239
Frau,Hannah,Angulo,Hannah@Angulo.de,Ahornweg,55,11165,Bonn,Deutschland,49654321,08-01-1984,2062411,EQS 450+ SUV,0,0,0,Vehicle pick-up in-house (place of provision),Nein,0,30,60000,7000,0,Deutschland,deutsch,Reisepass,L1P0KLPFW8,Deutschland,01-01-2020,01-01-2023,Verbeamtet,6000,18-08-2022,Verheiratet,2,DE06200505501484526239
Frau,Hannah,Angulo,Hannah@Angulo.de,Ahornweg,55,11165,Bonn,Deutschland,49654321,08-01-1984,2062421,EQS 450+ SUV,0,0,0,Vehicle pick-up in-house (place of provision),Nein,0,30,60000,7000,0,Deutschland,deutsch,Reisepass,L1P0KLPFW8,Deutschland,01-01-2020,01-01-2023,Verbeamtet,6000,18-08-2022,Verheiratet,2,DE06200505501484526239
Frau,Hannah,Angulo,Hannah@Angulo.de,Ahornweg,55,11165,Bonn,Deutschland,49654321,08-01-1984,2062431,EQS 450+ SUV,0,0,0,Vehicle pick-up in-house (place of provision),Nein,0,30,60000,7000,0,Deutschland,deutsch,Reisepass,L1P0KLPFW8,Deutschland,01-01-2020,01-01-2023,Verbeamtet,6000,18-08-2022,Verheiratet,2,DE06200505501484526239
Frau,Hannah,Angulo,Hannah@Angulo.de,Ahornweg,55,11165,Bonn,Deutschland,49654321,08-01-1984,2062451,EQS 450+ SUV,0,0,0,Vehicle pick-up in-house (place of provision),Nein,0,30,60000,7000,0,Deutschland,deutsch,Reisepass,L1P0KLPFW8,Deutschland,01-01-2020,01-01-2023,Verbeamtet,6000,18-08-2022,Verheiratet,2,DE06200505501484526239
Frau,Hannah,Angulo,Hannah@Angulo.de,Ahornweg,55,11165,Bonn,Deutschland,49654321,08-01-1984,2062461,EQS 450+ SUV,0,0,0,Vehicle pick-up in-house (place of provision),Nein,0,30,60000,7000,0,Deutschland,deutsch,Reisepass,L1P0KLPFW8,Deutschland,01-01-2020,01-01-2023,Verbeamtet,6000,18-08-2022,Verheiratet,2,DE06200505501484526239
Frau,Hannah,Angulo,Hannah@Angulo.de,Ahornweg,55,11165,Bonn,Deutschland,49654321,08-01-1984,2062471,EQS 450+ SUV,0,0,0,Vehicle pick-up in-house (place of provision),Nein,0,30,60000,7000,0,Deutschland,deutsch,Reisepass,L1P0KLPFW8,Deutschland,01-01-2020,01-01-2023,Verbeamtet,6000,18-08-2022,Verheiratet,2,DE06200505501484526239
Frau,Hannah,Angulo,Hannah@Angulo.de,Ahornweg,55,11165,Bonn,Deutschland,49654321,08-01-1984,2062541,EQS 450+ SUV,0,0,0,Vehicle pick-up in-house (place of provision),Nein,0,30,60000,7000,0,Deutschland,deutsch,Reisepass,L1P0KLPFW8,Deutschland,01-01-2020,01-01-2023,Verbeamtet,6000,18-08-2022,Verheiratet,2,DE06200505501484526239
Frau,Hannah,Angulo,Hannah@Angulo.de,Ahornweg,55,11165,Bonn,Deutschland,49654321,08-01-1984,2062871,EQS 450+ SUV,0,0,0,Vehicle pick-up in-house (place of provision),Nein,0,30,60000,7000,0,Deutschland,deutsch,Reisepass,L1P0KLPFW8,Deutschland,01-01-2020,01-01-2023,Verbeamtet,6000,18-08-2022,Verheiratet,2,DE06200505501484526239
Frau,Hannah,Angulo,Hannah@Angulo.de,Ahornweg,55,11165,Bonn,Deutschland,49654321,08-01-1984,2130041,EQS 450+ SUV,0,0,0,Vehicle pick-up in-house (place of provision),Nein,0,30,60000,7000,0,Deutschland,deutsch,Reisepass,L1P0KLPFW8,Deutschland,01-01-2020,01-01-2023,Verbeamtet,6000,18-08-2022,Verheiratet,2,DE06200505501484526239
Frau,Hannah,Angulo,Hannah@Angulo.de,Ahornweg,55,11165,Bonn,Deutschland,49654321,08-01-1984,2130051,EQS 450+ SUV,0,0,0,Vehicle pick-up in-house (place of provision),Nein,0,30,60000,7000,0,Deutschland,deutsch,Reisepass,L1P0KLPFW8,Deutschland,01-01-2020,01-01-2023,Verbeamtet,6000,18-08-2022,Verheiratet,2,DE06200505501484526239
Frau,Hannah,Angulo,Hannah@Angulo.de,Ahornweg,55,11165,Bonn,Deutschland,49654321,08-01-1984,2130111,EQS 450+ SUV,0,0,0,Vehicle pick-up in-house (place of provision),Nein,0,30,60000,7000,0,Deutschland,deutsch,Reisepass,L1P0KLPFW8,Deutschland,01-01-2020,01-01-2023,Verbeamtet,6000,18-08-2022,Verheiratet,2,DE06200505501484526239
Frau,Hannah,Angulo,Hannah@Angulo.de,Ahornweg,55,11165,Bonn,Deutschland,49654321,08-01-1984,2130121,EQS 450+ SUV,0,0,0,Vehicle pick-up in-house (place of provision),Nein,0,30,60000,7000,0,Deutschland,deutsch,Reisepass,L1P0KLPFW8,Deutschland,01-01-2020,01-01-2023,Verbeamtet,6000,18-08-2022,Verheiratet,2,DE06200505501484526239
Frau,Hannah,Angulo,Hannah@Angulo.de,Ahornweg,55,11165,Bonn,Deutschland,49654321,08-01-1984,2130161,EQS 450+ SUV,0,0,0,Vehicle pick-up in-house (place of provision),Nein,0,30,60000,7000,0,Deutschland,deutsch,Reisepass,L1P0KLPFW8,Deutschland,01-01-2020,01-01-2023,Verbeamtet,6000,18-08-2022,Verheiratet,2,DE06200505501484526239
Frau,Hannah,Angulo,Hannah@Angulo.de,Ahornweg,55,11165,Bonn,Deutschland,49654321,08-01-1984,2130191,EQS 450+ SUV,0,0,0,Vehicle pick-up in-house (place of provision),Nein,0,30,60000,7000,0,Deutschland,deutsch,Reisepass,L1P0KLPFW8,Deutschland,01-01-2020,01-01-2023,Verbeamtet,6000,18-08-2022,Verheiratet,2,DE06200505501484526239
Frau,Hannah,Angulo,Hannah@Angulo.de,Ahornweg,55,11165,Bonn,Deutschland,49654321,08-01-1984,2130231,EQS 450+ SUV,0,0,0,Vehicle pick-up in-house (place of provision),Nein,0,30,60000,7000,0,Deutschland,deutsch,Reisepass,L1P0KLPFW8,Deutschland,01-01-2020,01-01-2023,Verbeamtet,6000,18-08-2022,Verheiratet,2,DE06200505501484526239
Frau,Hannah,Angulo,Hannah@Angulo.de,Ahornweg,55,11165,Bonn,Deutschland,49654321,08-01-1984,2130531,EQS 450+ SUV,0,0,0,Vehicle pick-up in-house (place of provision),Nein,0,30,60000,7000,0,Deutschland,deutsch,Reisepass,L1P0KLPFW8,Deutschland,01-01-2020,01-01-2023,Verbeamtet,6000,18-08-2022,Verheiratet,2,DE06200505501484526239
Frau,Hannah,Angulo,Hannah@Angulo.de,Ahornweg,55,11165,Bonn,Deutschland,49654321,08-01-1984,2130541,EQS 450+ SUV,0,0,0,Vehicle pick-up in-house (place of provision),Nein,0,30,60000,7000,0,Deutschland,deutsch,Reisepass,L1P0KLPFW8,Deutschland,01-01-2020,01-01-2023,Verbeamtet,6000,18-08-2022,Verheiratet,2,DE06200505501484526239
Frau,Hannah,Angulo,Hannah@Angulo.de,Ahornweg,55,11165,Bonn,Deutschland,49654321,08-01-1984,2130591,EQS 450+ SUV,0,0,0,Vehicle pick-up in-house (place of provision),Nein,0,30,60000,7000,0,Deutschland,deutsch,Reisepass,L1P0KLPFW8,Deutschland,01-01-2020,01-01-2023,Verbeamtet,6000,18-08-2022,Verheiratet,2,DE06200505501484526239
Frau,Hannah,Angulo,Hannah@Angulo.de,Ahornweg,55,11165,Bonn,Deutschland,49654321,08-01-1984,2130611,EQS 450+ SUV,0,0,0,Vehicle pick-up in-house (place of provision),Nein,0,30,60000,7000,0,Deutschland,deutsch,Reisepass,L1P0KLPFW8,Deutschland,01-01-2020,01-01-2023,Verbeamtet,6000,18-08-2022,Verheiratet,2,DE06200505501484526239
Frau,Hannah,Angulo,Hannah@Angulo.de,Ahornweg,55,11165,Bonn,Deutschland,49654321,08-01-1984,2130801,EQS 450+ SUV,0,0,0,Vehicle pick-up in-house (place of provision),Nein,0,30,60000,7000,0,Deutschland,deutsch,Reisepass,L1P0KLPFW8,Deutschland,01-01-2020,01-01-2023,Verbeamtet,6000,18-08-2022,Verheiratet,2,DE06200505501484526239
Frau,Hannah,Angulo,Hannah@Angulo.de,Ahornweg,55,11165,Bonn,Deutschland,49654321,08-01-1984,2130831,EQS 450+ SUV,0,0,0,Vehicle pick-up in-house (place of provision),Nein,0,30,60000,7000,0,Deutschland,deutsch,Reisepass,L1P0KLPFW8,Deutschland,01-01-2020,01-01-2023,Verbeamtet,6000,18-08-2022,Verheiratet,2,DE06200505501484526239
Frau,Hannah,Angulo,Hannah@Angulo.de,Ahornweg,55,11165,Bonn,Deutschland,49654321,08-01-1984,2130871,EQS 450+ SUV,0,0,0,Vehicle pick-up in-house (place of provision),Nein,0,30,60000,7000,0,Deutschland,deutsch,Reisepass,L1P0KLPFW8,Deutschland,01-01-2020,01-01-2023,Verbeamtet,6000,18-08-2022,Verheiratet,2,DE06200505501484526239
Frau,Hannah,Angulo,Hannah@Angulo.de,Ahornweg,55,11165,Bonn,Deutschland,49654321,08-01-1984,2130891,EQS 450+ SUV,0,0,0,Vehicle pick-up in-house (place of provision),Nein,0,30,60000,7000,0,Deutschland,deutsch,Reisepass,L1P0KLPFW8,Deutschland,01-01-2020,01-01-2023,Verbeamtet,6000,18-08-2022,Verheiratet,2,DE06200505501484526239
Frau,Hannah,Angulo,Hannah@Angulo.de,Ahornweg,55,11165,Bonn,Deutschland,49654321,08-01-1984,2132041,EQS 450+ SUV,0,0,0,Vehicle pick-up in-house (place of provision),Nein,0,30,60000,7000,0,Deutschland,deutsch,Reisepass,L1P0KLPFW8,Deutschland,01-01-2020,01-01-2023,Verbeamtet,6000,18-08-2022,Verheiratet,2,DE06200505501484526239
Frau,Hannah,Angulo,Hannah@Angulo.de,Ahornweg,55,11165,Bonn,Deutschland,49654321,08-01-1984,2132051,EQS 450+ SUV,0,0,0,Vehicle pick-up in-house (place of provision),Nein,0,30,60000,7000,0,Deutschland,deutsch,Reisepass,L1P0KLPFW8,Deutschland,01-01-2020,01-01-2023,Verbeamtet,6000,18-08-2022,Verheiratet,2,DE06200505501484526239
Frau,Hannah,Angulo,Hannah@Angulo.de,Ahornweg,55,11165,Bonn,Deutschland,49654321,08-01-1984,2132111,EQS 450+ SUV,0,0,0,Vehicle pick-up in-house (place of provision),Nein,0,30,60000,7000,0,Deutschland,deutsch,Reisepass,L1P0KLPFW8,Deutschland,01-01-2020,01-01-2023,Verbeamtet,6000,18-08-2022,Verheiratet,2,DE06200505501484526239
Frau,Hannah,Angulo,Hannah@Angulo.de,Ahornweg,55,11165,Bonn,Deutschland,49654321,08-01-1984,2132121,EQS 450+ SUV,0,0,0,Vehicle pick-up in-house (place of provision),Nein,0,30,60000,7000,0,Deutschland,deutsch,Reisepass,L1P0KLPFW8,Deutschland,01-01-2020,01-01-2023,Verbeamtet,6000,18-08-2022,Verheiratet,2,DE06200505501484526239
Frau,Hannah,Angulo,Hannah@Angulo.de,Ahornweg,55,11165,Bonn,Deutschland,49654321,08-01-1984,2132161,EQS 450+ SUV,0,0,0,Vehicle pick-up in-house (place of provision),Nein,0,30,60000,7000,0,Deutschland,deutsch,Reisepass,L1P0KLPFW8,Deutschland,01-01-2020,01-01-2023,Verbeamtet,6000,18-08-2022,Verheiratet,2,DE06200505501484526239
Frau,Hannah,Angulo,Hannah@Angulo.de,Ahornweg,55,11165,Bonn,Deutschland,49654321,08-01-1984,2132171,EQS 450+ SUV,0,0,0,Vehicle pick-up in-house (place of provision),Nein,0,30,60000,7000,0,Deutschland,deutsch,Reisepass,L1P0KLPFW8,Deutschland,01-01-2020,01-01-2023,Verbeamtet,6000,18-08-2022,Verheiratet,2,DE06200505501484526239
Frau,Hannah,Angulo,Hannah@Angulo.de,Ahornweg,55,11165,Bonn,Deutschland,49654321,08-01-1984,2132191,EQS 450+ SUV,0,0,0,Vehicle pick-up in-house (place of provision),Nein,0,30,60000,7000,0,Deutschland,deutsch,Reisepass,L1P0KLPFW8,Deutschland,01-01-2020,01-01-2023,Verbeamtet,6000,18-08-2022,Verheiratet,2,DE06200505501484526239
Frau,Hannah,Angulo,Hannah@Angulo.de,Ahornweg,55,11165,Bonn,Deutschland,49654321,08-01-1984,2132231,EQS 450+ SUV,0,0,0,Vehicle pick-up in-house (place of provision),Nein,0,30,60000,7000,0,Deutschland,deutsch,Reisepass,L1P0KLPFW8,Deutschland,01-01-2020,01-01-2023,Verbeamtet,6000,18-08-2022,Verheiratet,2,DE06200505501484526239
Frau,Hannah,Angulo,Hannah@Angulo.de,Ahornweg,55,11165,Bonn,Deutschland,49654321,08-01-1984,2132271,EQS 450+ SUV,0,0,0,Vehicle pick-up in-house (place of provision),Nein,0,30,60000,7000,0,Deutschland,deutsch,Reisepass,L1P0KLPFW8,Deutschland,01-01-2020,01-01-2023,Verbeamtet,6000,18-08-2022,Verheiratet,2,DE06200505501484526239
Frau,Hannah,Angulo,Hannah@Angulo.de,Ahornweg,55,11165,Bonn,Deutschland,49654321,08-01-1984,2132531,EQS 450+ SUV,0,0,0,Vehicle pick-up in-house (place of provision),Nein,0,30,60000,7000,0,Deutschland,deutsch,Reisepass,L1P0KLPFW8,Deutschland,01-01-2020,01-01-2023,Verbeamtet,6000,18-08-2022,Verheiratet,2,DE06200505501484526239
Frau,Hannah,Angulo,Hannah@Angulo.de,Ahornweg,55,11165,Bonn,Deutschland,49654321,08-01-1984,2132591,EQS 450+ SUV,0,0,0,Vehicle pick-up in-house (place of provision),Nein,0,30,60000,7000,0,Deutschland,deutsch,Reisepass,L1P0KLPFW8,Deutschland,01-01-2020,01-01-2023,Verbeamtet,6000,18-08-2022,Verheiratet,2,DE06200505501484526239
Frau,Hannah,Angulo,Hannah@Angulo.de,Ahornweg,55,11165,Bonn,Deutschland,49654321,08-01-1984,2132601,EQS 450+ SUV,0,0,0,Vehicle pick-up in-house (place of provision),Nein,0,30,60000,7000,0,Deutschland,deutsch,Reisepass,L1P0KLPFW8,Deutschland,01-01-2020,01-01-2023,Verbeamtet,6000,18-08-2022,Verheiratet,2,DE06200505501484526239
Frau,Hannah,Angulo,Hannah@Angulo.de,Ahornweg,55,11165,Bonn,Deutschland,49654321,08-01-1984,2132611,EQS 450+ SUV,0,0,0,Vehicle pick-up in-house (place of provision),Nein,0,30,60000,7000,0,Deutschland,deutsch,Reisepass,L1P0KLPFW8,Deutschland,01-01-2020,01-01-2023,Verbeamtet,6000,18-08-2022,Verheiratet,2,DE06200505501484526239
Frau,Hannah,Angulo,Hannah@Angulo.de,Ahornweg,55,11165,Bonn,Deutschland,49654321,08-01-1984,2132791,EQS 450+ SUV,0,0,0,Vehicle pick-up in-house (place of provision),Nein,0,30,60000,7000,0,Deutschland,deutsch,Reisepass,L1P0KLPFW8,Deutschland,01-01-2020,01-01-2023,Verbeamtet,6000,18-08-2022,Verheiratet,2,DE06200505501484526239
Frau,Hannah,Angulo,Hannah@Angulo.de,Ahornweg,55,11165,Bonn,Deutschland,49654321,08-01-1984,2132801,EQS 450+ SUV,0,0,0,Vehicle pick-up in-house (place of provision),Nein,0,30,60000,7000,0,Deutschland,deutsch,Reisepass,L1P0KLPFW8,Deutschland,01-01-2020,01-01-2023,Verbeamtet,6000,18-08-2022,Verheiratet,2,DE06200505501484526239
Frau,Hannah,Angulo,Hannah@Angulo.de,Ahornweg,55,11165,Bonn,Deutschland,49654321,08-01-1984,2132871,EQS 450+ SUV,0,0,0,Vehicle pick-up in-house (place of provision),Nein,0,30,60000,7000,0,Deutschland,deutsch,Reisepass,L1P0KLPFW8,Deutschland,01-01-2020,01-01-2023,Verbeamtet,6000,18-08-2022,Verheiratet,2,DE06200505501484526239
Frau,Hannah,Angulo,Hannah@Angulo.de,Ahornweg,55,11165,Bonn,Deutschland,49654321,08-01-1984,2132891,EQS 450+ SUV,0,0,0,Vehicle pick-up in-house (place of provision),Nein,0,30,60000,7000,0,Deutschland,deutsch,Reisepass,L1P0KLPFW8,Deutschland,01-01-2020,01-01-2023,Verbeamtet,6000,18-08-2022,Verheiratet,2,DE06200505501484526239
Frau,Hannah,Angulo,Hannah@Angulo.de,Ahornweg,55,11165,Bonn,Deutschland,49654321,08-01-1984,2230301,EQS 450+ SUV,0,0,0,Vehicle pick-up in-house (place of provision),Nein,0,30,60000,7000,0,Deutschland,deutsch,Reisepass,L1P0KLPFW8,Deutschland,01-01-2020,01-01-2023,Verbeamtet,6000,18-08-2022,Verheiratet,2,DE06200505501484526239
Frau,Hannah,Angulo,Hannah@Angulo.de,Ahornweg,55,11165,Bonn,Deutschland,49654321,08-01-1984,2230311,EQS 450+ SUV,0,0,0,Vehicle pick-up in-house (place of provision),Nein,0,30,60000,7000,0,Deutschland,deutsch,Reisepass,L1P0KLPFW8,Deutschland,01-01-2020,01-01-2023,Verbeamtet,6000,18-08-2022,Verheiratet,2,DE06200505501484526239
Frau,Hannah,Angulo,Hannah@Angulo.de,Ahornweg,55,11165,Bonn,Deutschland,49654321,08-01-1984,2230331,EQS 450+ SUV,0,0,0,Vehicle pick-up in-house (place of provision),Nein,0,30,60000,7000,0,Deutschland,deutsch,Reisepass,L1P0KLPFW8,Deutschland,01-01-2020,01-01-2023,Verbeamtet,6000,18-08-2022,Verheiratet,2,DE06200505501484526239
Frau,Hannah,Angulo,Hannah@Angulo.de,Ahornweg,55,11165,Bonn,Deutschland,49654321,08-01-1984,2230611,EQS 450+ SUV,0,0,0,Vehicle pick-up in-house (place of provision),Nein,0,30,60000,7000,0,Deutschland,deutsch,Reisepass,L1P0KLPFW8,Deutschland,01-01-2020,01-01-2023,Verbeamtet,6000,18-08-2022,Verheiratet,2,DE06200505501484526239
Frau,Hannah,Angulo,Hannah@Angulo.de,Ahornweg,55,11165,Bonn,Deutschland,49654321,08-01-1984,2230631,EQS 450+ SUV,0,0,0,Vehicle pick-up in-house (place of provision),Nein,0,30,60000,7000,0,Deutschland,deutsch,Reisepass,L1P0KLPFW8,Deutschland,01-01-2020,01-01-2023,Verbeamtet,6000,18-08-2022,Verheiratet,2,DE06200505501484526239
Frau,Hannah,Angulo,Hannah@Angulo.de,Ahornweg,55,11165,Bonn,Deutschland,49654321,08-01-1984,2230661,EQS 450+ SUV,0,0,0,Vehicle pick-up in-house (place of provision),Nein,0,30,60000,7000,0,Deutschland,deutsch,Reisepass,L1P0KLPFW8,Deutschland,01-01-2020,01-01-2023,Verbeamtet,6000,18-08-2022,Verheiratet,2,DE06200505501484526239
Frau,Hannah,Angulo,Hannah@Angulo.de,Ahornweg,55,11165,Bonn,Deutschland,49654321,08-01-1984,2230681,EQS 450+ SUV,0,0,0,Vehicle pick-up in-house (place of provision),Nein,0,30,60000,7000,0,Deutschland,deutsch,Reisepass,L1P0KLPFW8,Deutschland,01-01-2020,01-01-2023,Verbeamtet,6000,18-08-2022,Verheiratet,2,DE06200505501484526239
Frau,Hannah,Angulo,Hannah@Angulo.de,Ahornweg,55,11165,Bonn,Deutschland,49654321,08-01-1984,2230691,EQS 450+ SUV,0,0,0,Vehicle pick-up in-house (place of provision),Nein,0,30,60000,7000,0,Deutschland,deutsch,Reisepass,L1P0KLPFW8,Deutschland,01-01-2020,01-01-2023,Verbeamtet,6000,18-08-2022,Verheiratet,2,DE06200505501484526239
Frau,Hannah,Angulo,Hannah@Angulo.de,Ahornweg,55,11165,Bonn,Deutschland,49654321,08-01-1984,2230761,EQS 450+ SUV,0,0,0,Vehicle pick-up in-house (place of provision),Nein,0,30,60000,7000,0,Deutschland,deutsch,Reisepass,L1P0KLPFW8,Deutschland,01-01-2020,01-01-2023,Verbeamtet,6000,18-08-2022,Verheiratet,2,DE06200505501484526239
Frau,Hannah,Angulo,Hannah@Angulo.de,Ahornweg,55,11165,Bonn,Deutschland,49654321,08-01-1984,2231301,EQS 450+ SUV,0,0,0,Vehicle pick-up in-house (place of provision),Nein,0,30,60000,7000,0,Deutschland,deutsch,Reisepass,L1P0KLPFW8,Deutschland,01-01-2020,01-01-2023,Verbeamtet,6000,18-08-2022,Verheiratet,2,DE06200505501484526239
Frau,Hannah,Angulo,Hannah@Angulo.de,Ahornweg,55,11165,Bonn,Deutschland,49654321,08-01-1984,2231311,EQS 450+ SUV,0,0,0,Vehicle pick-up in-house (place of provision),Nein,0,30,60000,7000,0,Deutschland,deutsch,Reisepass,L1P0KLPFW8,Deutschland,01-01-2020,01-01-2023,Verbeamtet,6000,18-08-2022,Verheiratet,2,DE06200505501484526239
Frau,Hannah,Angulo,Hannah@Angulo.de,Ahornweg,55,11165,Bonn,Deutschland,49654321,08-01-1984,2231331,EQS 450+ SUV,0,0,0,Vehicle pick-up in-house (place of provision),Nein,0,30,60000,7000,0,Deutschland,deutsch,Reisepass,L1P0KLPFW8,Deutschland,01-01-2020,01-01-2023,Verbeamtet,6000,18-08-2022,Verheiratet,2,DE06200505501484526239
Frau,Hannah,Angulo,Hannah@Angulo.de,Ahornweg,55,11165,Bonn,Deutschland,49654321,08-01-1984,2231611,EQS 450+ SUV,0,0,0,Vehicle pick-up in-house (place of provision),Nein,0,30,60000,7000,0,Deutschland,deutsch,Reisepass,L1P0KLPFW8,Deutschland,01-01-2020,01-01-2023,Verbeamtet,6000,18-08-2022,Verheiratet,2,DE06200505501484526239
Frau,Hannah,Angulo,Hannah@Angulo.de,Ahornweg,55,11165,Bonn,Deutschland,49654321,08-01-1984,2231631,EQS 450+ SUV,0,0,0,Vehicle pick-up in-house (place of provision),Nein,0,30,60000,7000,0,Deutschland,deutsch,Reisepass,L1P0KLPFW8,Deutschland,01-01-2020,01-01-2023,Verbeamtet,6000,18-08-2022,Verheiratet,2,DE06200505501484526239
Frau,Hannah,Angulo,Hannah@Angulo.de,Ahornweg,55,11165,Bonn,Deutschland,49654321,08-01-1984,2231661,EQS 450+ SUV,0,0,0,Vehicle pick-up in-house (place of provision),Nein,0,30,60000,7000,0,Deutschland,deutsch,Reisepass,L1P0KLPFW8,Deutschland,01-01-2020,01-01-2023,Verbeamtet,6000,18-08-2022,Verheiratet,2,DE06200505501484526239
Frau,Hannah,Angulo,Hannah@Angulo.de,Ahornweg,55,11165,Bonn,Deutschland,49654321,08-01-1984,2231681,EQS 450+ SUV,0,0,0,Vehicle pick-up in-house (place of provision),Nein,0,30,60000,7000,0,Deutschland,deutsch,Reisepass,L1P0KLPFW8,Deutschland,01-01-2020,01-01-2023,Verbeamtet,6000,18-08-2022,Verheiratet,2,DE06200505501484526239
Frau,Hannah,Angulo,Hannah@Angulo.de,Ahornweg,55,11165,Bonn,Deutschland,49654321,08-01-1984,2231691,EQS 450+ SUV,0,0,0,Vehicle pick-up in-house (place of provision),Nein,0,30,60000,7000,0,Deutschland,deutsch,Reisepass,L1P0KLPFW8,Deutschland,01-01-2020,01-01-2023,Verbeamtet,6000,18-08-2022,Verheiratet,2,DE06200505501484526239
Frau,Hannah,Angulo,Hannah@Angulo.de,Ahornweg,55,11165,Bonn,Deutschland,49654321,08-01-1984,2231761,EQS 450+ SUV,0,0,0,Vehicle pick-up in-house (place of provision),Nein,0,30,60000,7000,0,Deutschland,deutsch,Reisepass,L1P0KLPFW8,Deutschland,01-01-2020,01-01-2023,Verbeamtet,6000,18-08-2022,Verheiratet,2,DE06200505501484526239
Frau,Hannah,Angulo,Hannah@Angulo.de,Ahornweg,55,11165,Bonn,Deutschland,49654321,08-01-1984,2231791,EQS 450+ SUV,0,0,0,Vehicle pick-up in-house (place of provision),Nein,0,30,60000,7000,0,Deutschland,deutsch,Reisepass,L1P0KLPFW8,Deutschland,01-01-2020,01-01-2023,Verbeamtet,6000,18-08-2022,Verheiratet,2,DE06200505501484526239
Frau,Hannah,Angulo,Hannah@Angulo.de,Ahornweg,55,11165,Bonn,Deutschland,49654321,08-01-1984,2239761,EQS 450+ SUV,0,0,0,Vehicle pick-up in-house (place of provision),Nein,0,30,60000,7000,0,Deutschland,deutsch,Reisepass,L1P0KLPFW8,Deutschland,01-01-2020,01-01-2023,Verbeamtet,6000,18-08-2022,Verheiratet,2,DE06200505501484526239
Frau,Hannah,Angulo,Hannah@Angulo.de,Ahornweg,55,11165,Bonn,Deutschland,49654321,08-01-1984,2239791,EQS 450+ SUV,0,0,0,Vehicle pick-up in-house (place of provision),Nein,0,30,60000,7000,0,Deutschland,deutsch,Reisepass,L1P0KLPFW8,Deutschland,01-01-2020,01-01-2023,Verbeamtet,6000,18-08-2022,Verheiratet,2,DE06200505501484526239
Frau,Hannah,Angulo,Hannah@Angulo.de,Ahornweg,55,11165,Bonn,Deutschland,49654321,08-01-1984,2324501,EQS 450+ SUV,0,0,0,Vehicle pick-up in-house (place of provision),Nein,0,30,60000,7000,0,Deutschland,deutsch,Reisepass,L1P0KLPFW8,Deutschland,01-01-2020,01-01-2023,Verbeamtet,6000,18-08-2022,Verheiratet,2,DE06200505501484526239
Frau,Hannah,Angulo,Hannah@Angulo.de,Ahornweg,55,11165,Bonn,Deutschland,49654321,08-01-1984,2324811,EQS 450+ SUV,0,0,0,Vehicle pick-up in-house (place of provision),Nein,0,30,60000,7000,0,Deutschland,deutsch,Reisepass,L1P0KLPFW8,Deutschland,01-01-2020,01-01-2023,Verbeamtet,6000,18-08-2022,Verheiratet,2,DE06200505501484526239
Frau,Hannah,Angulo,Hannah@Angulo.de,Ahornweg,55,11165,Bonn,Deutschland,49654321,08-01-1984,2383141,EQS 450+ SUV,0,0,0,Vehicle pick-up in-house (place of provision),Nein,0,30,60000,7000,0,Deutschland,deutsch,Reisepass,L1P0KLPFW8,Deutschland,01-01-2020,01-01-2023,Verbeamtet,6000,18-08-2022,Verheiratet,2,DE06200505501484526239
Frau,Hannah,Angulo,Hannah@Angulo.de,Ahornweg,55,11165,Bonn,Deutschland,49654321,08-01-1984,2383151,EQS 450+ SUV,0,0,0,Vehicle pick-up in-house (place of provision),Nein,0,30,60000,7000,0,Deutschland,deutsch,Reisepass,L1P0KLPFW8,Deutschland,01-01-2020,01-01-2023,Verbeamtet,6000,18-08-2022,Verheiratet,2,DE06200505501484526239
Frau,Hannah,Angulo,Hannah@Angulo.de,Ahornweg,55,11165,Bonn,Deutschland,49654321,08-01-1984,2383191,EQS 450+ SUV,0,0,0,Vehicle pick-up in-house (place of provision),Nein,0,30,60000,7000,0,Deutschland,deutsch,Reisepass,L1P0KLPFW8,Deutschland,01-01-2020,01-01-2023,Verbeamtet,6000,18-08-2022,Verheiratet,2,DE06200505501484526239
Frau,Hannah,Angulo,Hannah@Angulo.de,Ahornweg,55,11165,Bonn,Deutschland,49654321,08-01-1984,2383231,EQS 450+ SUV,0,0,0,Vehicle pick-up in-house (place of provision),Nein,0,30,60000,7000,0,Deutschland,deutsch,Reisepass,L1P0KLPFW8,Deutschland,01-01-2020,01-01-2023,Verbeamtet,6000,18-08-2022,Verheiratet,2,DE06200505501484526239
Frau,Hannah,Angulo,Hannah@Angulo.de,Ahornweg,55,11165,Bonn,Deutschland,49654321,08-01-1984,2383591,EQS 450+ SUV,0,0,0,Vehicle pick-up in-house (place of provision),Nein,0,30,60000,7000,0,Deutschland,deutsch,Reisepass,L1P0KLPFW8,Deutschland,01-01-2020,01-01-2023,Verbeamtet,6000,18-08-2022,Verheiratet,2,DE06200505501484526239
Frau,Hannah,Angulo,Hannah@Angulo.de,Ahornweg,55,11165,Bonn,Deutschland,49654321,08-01-1984,2383611,EQS 450+ SUV,0,0,0,Vehicle pick-up in-house (place of provision),Nein,0,30,60000,7000,0,Deutschland,deutsch,Reisepass,L1P0KLPFW8,Deutschland,01-01-2020,01-01-2023,Verbeamtet,6000,18-08-2022,Verheiratet,2,DE06200505501484526239
Frau,Hannah,Angulo,Hannah@Angulo.de,Ahornweg,55,11165,Bonn,Deutschland,49654321,08-01-1984,2383801,EQS 450+ SUV,0,0,0,Vehicle pick-up in-house (place of provision),Nein,0,30,60000,7000,0,Deutschland,deutsch,Reisepass,L1P0KLPFW8,Deutschland,01-01-2020,01-01-2023,Verbeamtet,6000,18-08-2022,Verheiratet,2,DE06200505501484526239
Frau,Hannah,Angulo,Hannah@Angulo.de,Ahornweg,55,11165,Bonn,Deutschland,49654321,08-01-1984,2383831,EQS 450+ SUV,0,0,0,Vehicle pick-up in-house (place of provision),Nein,0,30,60000,7000,0,Deutschland,deutsch,Reisepass,L1P0KLPFW8,Deutschland,01-01-2020,01-01-2023,Verbeamtet,6000,18-08-2022,Verheiratet,2,DE06200505501484526239
Frau,Hannah,Angulo,Hannah@Angulo.de,Ahornweg,55,11165,Bonn,Deutschland,49654321,08-01-1984,2383871,EQS 450+ SUV,0,0,0,Vehicle pick-up in-house (place of provision),Nein,0,30,60000,7000,0,Deutschland,deutsch,Reisepass,L1P0KLPFW8,Deutschland,01-01-2020,01-01-2023,Verbeamtet,6000,18-08-2022,Verheiratet,2,DE06200505501484526239
Frau,Hannah,Angulo,Hannah@Angulo.de,Ahornweg,55,11165,Bonn,Deutschland,49654321,08-01-1984,2384141,EQS 450+ SUV,0,0,0,Vehicle pick-up in-house (place of provision),Nein,0,30,60000,7000,0,Deutschland,deutsch,Reisepass,L1P0KLPFW8,Deutschland,01-01-2020,01-01-2023,Verbeamtet,6000,18-08-2022,Verheiratet,2,DE06200505501484526239
Frau,Hannah,Angulo,Hannah@Angulo.de,Ahornweg,55,11165,Bonn,Deutschland,49654321,08-01-1984,2384191,EQS 450+ SUV,0,0,0,Vehicle pick-up in-house (place of provision),Nein,0,30,60000,7000,0,Deutschland,deutsch,Reisepass,L1P0KLPFW8,Deutschland,01-01-2020,01-01-2023,Verbeamtet,6000,18-08-2022,Verheiratet,2,DE06200505501484526239
Frau,Hannah,Angulo,Hannah@Angulo.de,Ahornweg,55,11165,Bonn,Deutschland,49654321,08-01-1984,2384231,EQS 450+ SUV,0,0,0,Vehicle pick-up in-house (place of provision),Nein,0,30,60000,7000,0,Deutschland,deutsch,Reisepass,L1P0KLPFW8,Deutschland,01-01-2020,01-01-2023,Verbeamtet,6000,18-08-2022,Verheiratet,2,DE06200505501484526239
Frau,Hannah,Angulo,Hannah@Angulo.de,Ahornweg,55,11165,Bonn,Deutschland,49654321,08-01-1984,2384591,EQS 450+ SUV,0,0,0,Vehicle pick-up in-house (place of provision),Nein,0,30,60000,7000,0,Deutschland,deutsch,Reisepass,L1P0KLPFW8,Deutschland,01-01-2020,01-01-2023,Verbeamtet,6000,18-08-2022,Verheiratet,2,DE06200505501484526239
Frau,Hannah,Angulo,Hannah@Angulo.de,Ahornweg,55,11165,Bonn,Deutschland,49654321,08-01-1984,2384611,EQS 450+ SUV,0,0,0,Vehicle pick-up in-house (place of provision),Nein,0,30,60000,7000,0,Deutschland,deutsch,Reisepass,L1P0KLPFW8,Deutschland,01-01-2020,01-01-2023,Verbeamtet,6000,18-08-2022,Verheiratet,2,DE06200505501484526239
Frau,Hannah,Angulo,Hannah@Angulo.de,Ahornweg,55,11165,Bonn,Deutschland,49654321,08-01-1984,2384801,EQS 450+ SUV,0,0,0,Vehicle pick-up in-house (place of provision),Nein,0,30,60000,7000,0,Deutschland,deutsch,Reisepass,L1P0KLPFW8,Deutschland,01-01-2020,01-01-2023,Verbeamtet,6000,18-08-2022,Verheiratet,2,DE06200505501484526239
Frau,Hannah,Angulo,Hannah@Angulo.de,Ahornweg,55,11165,Bonn,Deutschland,49654321,08-01-1984,2384831,EQS 450+ SUV,0,0,0,Vehicle pick-up in-house (place of provision),Nein,0,30,60000,7000,0,Deutschland,deutsch,Reisepass,L1P0KLPFW8,Deutschland,01-01-2020,01-01-2023,Verbeamtet,6000,18-08-2022,Verheiratet,2,DE06200505501484526239
Frau,Hannah,Angulo,Hannah@Angulo.de,Ahornweg,55,11165,Bonn,Deutschland,49654321,08-01-1984,2384871,EQS 450+ SUV,0,0,0,Vehicle pick-up in-house (place of provision),Nein,0,30,60000,7000,0,Deutschland,deutsch,Reisepass,L1P0KLPFW8,Deutschland,01-01-2020,01-01-2023,Verbeamtet,6000,18-08-2022,Verheiratet,2,DE06200505501484526239
Frau,Hannah,Angulo,Hannah@Angulo.de,Ahornweg,55,11165,Bonn,Deutschland,49654321,08-01-1984,2436011,EQS 450+ SUV,0,0,0,Vehicle pick-up in-house (place of provision),Nein,0,30,60000,7000,0,Deutschland,deutsch,Reisepass,L1P0KLPFW8,Deutschland,01-01-2020,01-01-2023,Verbeamtet,6000,18-08-2022,Verheiratet,2,DE06200505501484526239
Frau,Hannah,Angulo,Hannah@Angulo.de,Ahornweg,55,11165,Bonn,Deutschland,49654321,08-01-1984,2436021,EQS 450+ SUV,0,0,0,Vehicle pick-up in-house (place of provision),Nein,0,30,60000,7000,0,Deutschland,deutsch,Reisepass,L1P0KLPFW8,Deutschland,01-01-2020,01-01-2023,Verbeamtet,6000,18-08-2022,Verheiratet,2,DE06200505501484526239
Frau,Hannah,Angulo,Hannah@Angulo.de,Ahornweg,55,11165,Bonn,Deutschland,49654321,08-01-1984,2436081,EQS 450+ SUV,0,0,0,Vehicle pick-up in-house (place of provision),Nein,0,30,60000,7000,0,Deutschland,deutsch,Reisepass,L1P0KLPFW8,Deutschland,01-01-2020,01-01-2023,Verbeamtet,6000,18-08-2022,Verheiratet,2,DE06200505501484526239
Frau,Hannah,Angulo,Hannah@Angulo.de,Ahornweg,55,11165,Bonn,Deutschland,49654321,08-01-1984,2436121,EQS 450+ SUV,0,0,0,Vehicle pick-up in-house (place of provision),Nein,0,30,60000,7000,0,Deutschland,deutsch,Reisepass,L1P0KLPFW8,Deutschland,01-01-2020,01-01-2023,Verbeamtet,6000,18-08-2022,Verheiratet,2,DE06200505501484526239
Frau,Hannah,Angulo,Hannah@Angulo.de,Ahornweg,55,11165,Bonn,Deutschland,49654321,08-01-1984,2437011,EQS 450+ SUV,0,0,0,Vehicle pick-up in-house (place of provision),Nein,0,30,60000,7000,0,Deutschland,deutsch,Reisepass,L1P0KLPFW8,Deutschland,01-01-2020,01-01-2023,Verbeamtet,6000,18-08-2022,Verheiratet,2,DE06200505501484526239
Frau,Hannah,Angulo,Hannah@Angulo.de,Ahornweg,55,11165,Bonn,Deutschland,49654321,08-01-1984,2437021,EQS 450+ SUV,0,0,0,Vehicle pick-up in-house (place of provision),Nein,0,30,60000,7000,0,Deutschland,deutsch,Reisepass,L1P0KLPFW8,Deutschland,01-01-2020,01-01-2023,Verbeamtet,6000,18-08-2022,Verheiratet,2,DE06200505501484526239
Frau,Hannah,Angulo,Hannah@Angulo.de,Ahornweg,55,11165,Bonn,Deutschland,49654321,08-01-1984,2437081,EQS 450+ SUV,0,0,0,Vehicle pick-up in-house (place of provision),Nein,0,30,60000,7000,0,Deutschland,deutsch,Reisepass,L1P0KLPFW8,Deutschland,01-01-2020,01-01-2023,Verbeamtet,6000,18-08-2022,Verheiratet,2,DE06200505501484526239
Frau,Hannah,Angulo,Hannah@Angulo.de,Ahornweg,55,11165,Bonn,Deutschland,49654321,08-01-1984,2437121,EQS 450+ SUV,0,0,0,Vehicle pick-up in-house (place of provision),Nein,0,30,60000,7000,0,Deutschland,deutsch,Reisepass,L1P0KLPFW8,Deutschland,01-01-2020,01-01-2023,Verbeamtet,6000,18-08-2022,Verheiratet,2,DE06200505501484526239
Frau,Hannah,Angulo,Hannah@Angulo.de,Ahornweg,55,11165,Bonn,Deutschland,49654321,08-01-1984,2470101,EQS 450+ SUV,0,0,0,Vehicle pick-up in-house (place of provision),Nein,0,30,60000,7000,0,Deutschland,deutsch,Reisepass,L1P0KLPFW8,Deutschland,01-01-2020,01-01-2023,Verbeamtet,6000,18-08-2022,Verheiratet,2,DE06200505501484526239
Frau,Hannah,Angulo,Hannah@Angulo.de,Ahornweg,55,11165,Bonn,Deutschland,49654321,08-01-1984,2470121,EQS 450+ SUV,0,0,0,Vehicle pick-up in-house (place of provision),Nein,0,30,60000,7000,0,Deutschland,deutsch,Reisepass,L1P0KLPFW8,Deutschland,01-01-2020,01-01-2023,Verbeamtet,6000,18-08-2022,Verheiratet,2,DE06200505501484526239
Frau,Hannah,Angulo,Hannah@Angulo.de,Ahornweg,55,11165,Bonn,Deutschland,49654321,08-01-1984,2470141,EQS 450+ SUV,0,0,0,Vehicle pick-up in-house (place of provision),Nein,0,30,60000,7000,0,Deutschland,deutsch,Reisepass,L1P0KLPFW8,Deutschland,01-01-2020,01-01-2023,Verbeamtet,6000,18-08-2022,Verheiratet,2,DE06200505501484526239
Frau,Hannah,Angulo,Hannah@Angulo.de,Ahornweg,55,11165,Bonn,Deutschland,49654321,08-01-1984,2470471,EQS 450+ SUV,0,0,0,Vehicle pick-up in-house (place of provision),Nein,0,30,60000,7000,0,Deutschland,deutsch,Reisepass,L1P0KLPFW8,Deutschland,01-01-2020,01-01-2023,Verbeamtet,6000,18-08-2022,Verheiratet,2,DE06200505501484526239
Frau,Hannah,Angulo,Hannah@Angulo.de,Ahornweg,55,11165,Bonn,Deutschland,49654321,08-01-1984,2470841,EQS 450+ SUV,0,0,0,Vehicle pick-up in-house (place of provision),Nein,0,30,60000,7000,0,Deutschland,deutsch,Reisepass,L1P0KLPFW8,Deutschland,01-01-2020,01-01-2023,Verbeamtet,6000,18-08-2022,Verheiratet,2,DE06200505501484526239
Frau,Hannah,Angulo,Hannah@Angulo.de,Ahornweg,55,11165,Bonn,Deutschland,49654321,08-01-1984,2470861,EQS 450+ SUV,0,0,0,Vehicle pick-up in-house (place of provision),Nein,0,30,60000,7000,0,Deutschland,deutsch,Reisepass,L1P0KLPFW8,Deutschland,01-01-2020,01-01-2023,Verbeamtet,6000,18-08-2022,Verheiratet,2,DE06200505501484526239
Frau,Hannah,Angulo,Hannah@Angulo.de,Ahornweg,55,11165,Bonn,Deutschland,49654321,08-01-1984,2470871,EQS 450+ SUV,0,0,0,Vehicle pick-up in-house (place of provision),Nein,0,30,60000,7000,0,Deutschland,deutsch,Reisepass,L1P0KLPFW8,Deutschland,01-01-2020,01-01-2023,Verbeamtet,6000,18-08-2022,Verheiratet,2,DE06200505501484526239
Frau,Hannah,Angulo,Hannah@Angulo.de,Ahornweg,55,11165,Bonn,Deutschland,49654321,08-01-1984,2476101,EQS 450+ SUV,0,0,0,Vehicle pick-up in-house (place of provision),Nein,0,30,60000,7000,0,Deutschland,deutsch,Reisepass,L1P0KLPFW8,Deutschland,01-01-2020,01-01-2023,Verbeamtet,6000,18-08-2022,Verheiratet,2,DE06200505501484526239
Frau,Hannah,Angulo,Hannah@Angulo.de,Ahornweg,55,11165,Bonn,Deutschland,49654321,08-01-1984,2476121,EQS 450+ SUV,0,0,0,Vehicle pick-up in-house (place of provision),Nein,0,30,60000,7000,0,Deutschland,deutsch,Reisepass,L1P0KLPFW8,Deutschland,01-01-2020,01-01-2023,Verbeamtet,6000,18-08-2022,Verheiratet,2,DE06200505501484526239
Frau,Hannah,Angulo,Hannah@Angulo.de,Ahornweg,55,11165,Bonn,Deutschland,49654321,08-01-1984,2476131,EQS 450+ SUV,0,0,0,Vehicle pick-up in-house (place of provision),Nein,0,30,60000,7000,0,Deutschland,deutsch,Reisepass,L1P0KLPFW8,Deutschland,01-01-2020,01-01-2023,Verbeamtet,6000,18-08-2022,Verheiratet,2,DE06200505501484526239
Frau,Hannah,Angulo,Hannah@Angulo.de,Ahornweg,55,11165,Bonn,Deutschland,49654321,08-01-1984,2476141,EQS 450+ SUV,0,0,0,Vehicle pick-up in-house (place of provision),Nein,0,30,60000,7000,0,Deutschland,deutsch,Reisepass,L1P0KLPFW8,Deutschland,01-01-2020,01-01-2023,Verbeamtet,6000,18-08-2022,Verheiratet,2,DE06200505501484526239
Frau,Hannah,Angulo,Hannah@Angulo.de,Ahornweg,55,11165,Bonn,Deutschland,49654321,08-01-1984,2476151,EQS 450+ SUV,0,0,0,Vehicle pick-up in-house (place of provision),Nein,0,30,60000,7000,0,Deutschland,deutsch,Reisepass,L1P0KLPFW8,Deutschland,01-01-2020,01-01-2023,Verbeamtet,6000,18-08-2022,Verheiratet,2,DE06200505501484526239
Frau,Hannah,Angulo,Hannah@Angulo.de,Ahornweg,55,11165,Bonn,Deutschland,49654321,08-01-1984,2476461,EQS 450+ SUV,0,0,0,Vehicle pick-up in-house (place of provision),Nein,0,30,60000,7000,0,Deutschland,deutsch,Reisepass,L1P0KLPFW8,Deutschland,01-01-2020,01-01-2023,Verbeamtet,6000,18-08-2022,Verheiratet,2,DE06200505501484526239
Frau,Hannah,Angulo,Hannah@Angulo.de,Ahornweg,55,11165,Bonn,Deutschland,49654321,08-01-1984,2476471,EQS 450+ SUV,0,0,0,Vehicle pick-up in-house (place of provision),Nein,0,30,60000,7000,0,Deutschland,deutsch,Reisepass,L1P0KLPFW8,Deutschland,01-01-2020,01-01-2023,Verbeamtet,6000,18-08-2022,Verheiratet,2,DE06200505501484526239
Frau,Hannah,Angulo,Hannah@Angulo.de,Ahornweg,55,11165,Bonn,Deutschland,49654321,08-01-1984,2476511,EQS 450+ SUV,0,0,0,Vehicle pick-up in-house (place of provision),Nein,0,30,60000,7000,0,Deutschland,deutsch,Reisepass,L1P0KLPFW8,Deutschland,01-01-2020,01-01-2023,Verbeamtet,6000,18-08-2022,Verheiratet,2,DE06200505501484526239
Frau,Hannah,Angulo,Hannah@Angulo.de,Ahornweg,55,11165,Bonn,Deutschland,49654321,08-01-1984,2476871,EQS 450+ SUV,0,0,0,Vehicle pick-up in-house (place of provision),Nein,0,30,60000,7000,0,Deutschland,deutsch,Reisepass,L1P0KLPFW8,Deutschland,01-01-2020,01-01-2023,Verbeamtet,6000,18-08-2022,Verheiratet,2,DE06200505501484526239
Frau,Hannah,Angulo,Hannah@Angulo.de,Ahornweg,55,11165,Bonn,Deutschland,49654321,08-01-1984,2476881,EQS 450+ SUV,0,0,0,Vehicle pick-up in-house (place of provision),Nein,0,30,60000,7000,0,Deutschland,deutsch,Reisepass,L1P0KLPFW8,Deutschland,01-01-2020,01-01-2023,Verbeamtet,6000,18-08-2022,Verheiratet,2,DE06200505501484526239
Frau,Hannah,Angulo,Hannah@Angulo.de,Ahornweg,55,11165,Bonn,Deutschland,49654321,08-01-1984,2477101,EQS 450+ SUV,0,0,0,Vehicle pick-up in-house (place of provision),Nein,0,30,60000,7000,0,Deutschland,deutsch,Reisepass,L1P0KLPFW8,Deutschland,01-01-2020,01-01-2023,Verbeamtet,6000,18-08-2022,Verheiratet,2,DE06200505501484526239
Frau,Hannah,Angulo,Hannah@Angulo.de,Ahornweg,55,11165,Bonn,Deutschland,49654321,08-01-1984,2477121,EQS 450+ SUV,0,0,0,Vehicle pick-up in-house (place of provision),Nein,0,30,60000,7000,0,Deutschland,deutsch,Reisepass,L1P0KLPFW8,Deutschland,01-01-2020,01-01-2023,Verbeamtet,6000,18-08-2022,Verheiratet,2,DE06200505501484526239
Frau,Hannah,Angulo,Hannah@Angulo.de,Ahornweg,55,11165,Bonn,Deutschland,49654321,08-01-1984,2477131,EQS 450+ SUV,0,0,0,Vehicle pick-up in-house (place of provision),Nein,0,30,60000,7000,0,Deutschland,deutsch,Reisepass,L1P0KLPFW8,Deutschland,01-01-2020,01-01-2023,Verbeamtet,6000,18-08-2022,Verheiratet,2,DE06200505501484526239
Frau,Hannah,Angulo,Hannah@Angulo.de,Ahornweg,55,11165,Bonn,Deutschland,49654321,08-01-1984,2477141,EQS 450+ SUV,0,0,0,Vehicle pick-up in-house (place of provision),Nein,0,30,60000,7000,0,Deutschland,deutsch,Reisepass,L1P0KLPFW8,Deutschland,01-01-2020,01-01-2023,Verbeamtet,6000,18-08-2022,Verheiratet,2,DE06200505501484526239
Frau,Hannah,Angulo,Hannah@Angulo.de,Ahornweg,55,11165,Bonn,Deutschland,49654321,08-01-1984,2477151,EQS 450+ SUV,0,0,0,Vehicle pick-up in-house (place of provision),Nein,0,30,60000,7000,0,Deutschland,deutsch,Reisepass,L1P0KLPFW8,Deutschland,01-01-2020,01-01-2023,Verbeamtet,6000,18-08-2022,Verheiratet,2,DE06200505501484526239
Frau,Hannah,Angulo,Hannah@Angulo.de,Ahornweg,55,11165,Bonn,Deutschland,49654321,08-01-1984,2477461,EQS 450+ SUV,0,0,0,Vehicle pick-up in-house (place of provision),Nein,0,30,60000,7000,0,Deutschland,deutsch,Reisepass,L1P0KLPFW8,Deutschland,01-01-2020,01-01-2023,Verbeamtet,6000,18-08-2022,Verheiratet,2,DE06200505501484526239
Frau,Hannah,Angulo,Hannah@Angulo.de,Ahornweg,55,11165,Bonn,Deutschland,49654321,08-01-1984,2477471,EQS 450+ SUV,0,0,0,Vehicle pick-up in-house (place of provision),Nein,0,30,60000,7000,0,Deutschland,deutsch,Reisepass,L1P0KLPFW8,Deutschland,01-01-2020,01-01-2023,Verbeamtet,6000,18-08-2022,Verheiratet,2,DE06200505501484526239
Frau,Hannah,Angulo,Hannah@Angulo.de,Ahornweg,55,11165,Bonn,Deutschland,49654321,08-01-1984,2477511,EQS 450+ SUV,0,0,0,Vehicle pick-up in-house (place of provision),Nein,0,30,60000,7000,0,Deutschland,deutsch,Reisepass,L1P0KLPFW8,Deutschland,01-01-2020,01-01-2023,Verbeamtet,6000,18-08-2022,Verheiratet,2,DE06200505501484526239
Frau,Hannah,Angulo,Hannah@Angulo.de,Ahornweg,55,11165,Bonn,Deutschland,49654321,08-01-1984,2477531,EQS 450+ SUV,0,0,0,Vehicle pick-up in-house (place of provision),Nein,0,30,60000,7000,0,Deutschland,deutsch,Reisepass,L1P0KLPFW8,Deutschland,01-01-2020,01-01-2023,Verbeamtet,6000,18-08-2022,Verheiratet,2,DE06200505501484526239
Frau,Hannah,Angulo,Hannah@Angulo.de,Ahornweg,55,11165,Bonn,Deutschland,49654321,08-01-1984,2477541,EQS 450+ SUV,0,0,0,Vehicle pick-up in-house (place of provision),Nein,0,30,60000,7000,0,Deutschland,deutsch,Reisepass,L1P0KLPFW8,Deutschland,01-01-2020,01-01-2023,Verbeamtet,6000,18-08-2022,Verheiratet,2,DE06200505501484526239
Frau,Hannah,Angulo,Hannah@Angulo.de,Ahornweg,55,11165,Bonn,Deutschland,49654321,08-01-1984,2477841,EQS 450+ SUV,0,0,0,Vehicle pick-up in-house (place of provision),Nein,0,30,60000,7000,0,Deutschland,deutsch,Reisepass,L1P0KLPFW8,Deutschland,01-01-2020,01-01-2023,Verbeamtet,6000,18-08-2022,Verheiratet,2,DE06200505501484526239
Frau,Hannah,Angulo,Hannah@Angulo.de,Ahornweg,55,11165,Bonn,Deutschland,49654321,08-01-1984,2477861,EQS 450+ SUV,0,0,0,Vehicle pick-up in-house (place of provision),Nein,0,30,60000,7000,0,Deutschland,deutsch,Reisepass,L1P0KLPFW8,Deutschland,01-01-2020,01-01-2023,Verbeamtet,6000,18-08-2022,Verheiratet,2,DE06200505501484526239
Frau,Hannah,Angulo,Hannah@Angulo.de,Ahornweg,55,11165,Bonn,Deutschland,49654321,08-01-1984,2477871,EQS 450+ SUV,0,0,0,Vehicle pick-up in-house (place of provision),Nein,0,30,60000,7000,0,Deutschland,deutsch,Reisepass,L1P0KLPFW8,Deutschland,01-01-2020,01-01-2023,Verbeamtet,6000,18-08-2022,Verheiratet,2,DE06200505501484526239
Frau,Hannah,Angulo,Hannah@Angulo.de,Ahornweg,55,11165,Bonn,Deutschland,49654321,08-01-1984,2477881,EQS 450+ SUV,0,0,0,Vehicle pick-up in-house (place of provision),Nein,0,30,60000,7000,0,Deutschland,deutsch,Reisepass,L1P0KLPFW8,Deutschland,01-01-2020,01-01-2023,Verbeamtet,6000,18-08-2022,Verheiratet,2,DE06200505501484526239
Frau,Hannah,Angulo,Hannah@Angulo.de,Ahornweg,55,11165,Bonn,Deutschland,49654321,08-01-1984,2533111,EQS 450+ SUV,0,0,0,Vehicle pick-up in-house (place of provision),Nein,0,30,60000,7000,0,Deutschland,deutsch,Reisepass,L1P0KLPFW8,Deutschland,01-01-2020,01-01-2023,Verbeamtet,6000,18-08-2022,Verheiratet,2,DE06200505501484526239
Frau,Hannah,Angulo,Hannah@Angulo.de,Ahornweg,55,11165,Bonn,Deutschland,49654321,08-01-1984,2533151,EQS 450+ SUV,0,0,0,Vehicle pick-up in-house (place of provision),Nein,0,30,60000,7000,0,Deutschland,deutsch,Reisepass,L1P0KLPFW8,Deutschland,01-01-2020,01-01-2023,Verbeamtet,6000,18-08-2022,Verheiratet,2,DE06200505501484526239
Frau,Hannah,Angulo,Hannah@Angulo.de,Ahornweg,55,11165,Bonn,Deutschland,49654321,08-01-1984,2533161,EQS 450+ SUV,0,0,0,Vehicle pick-up in-house (place of provision),Nein,0,30,60000,7000,0,Deutschland,deutsch,Reisepass,L1P0KLPFW8,Deutschland,01-01-2020,01-01-2023,Verbeamtet,6000,18-08-2022,Verheiratet,2,DE06200505501484526239
Frau,Hannah,Angulo,Hannah@Angulo.de,Ahornweg,55,11165,Bonn,Deutschland,49654321,08-01-1984,2533191,EQS 450+ SUV,0,0,0,Vehicle pick-up in-house (place of provision),Nein,0,30,60000,7000,0,Deutschland,deutsch,Reisepass,L1P0KLPFW8,Deutschland,01-01-2020,01-01-2023,Verbeamtet,6000,18-08-2022,Verheiratet,2,DE06200505501484526239
Frau,Hannah,Angulo,Hannah@Angulo.de,Ahornweg,55,11165,Bonn,Deutschland,49654321,08-01-1984,2533231,EQS 450+ SUV,0,0,0,Vehicle pick-up in-house (place of provision),Nein,0,30,60000,7000,0,Deutschland,deutsch,Reisepass,L1P0KLPFW8,Deutschland,01-01-2020,01-01-2023,Verbeamtet,6000,18-08-2022,Verheiratet,2,DE06200505501484526239
Frau,Hannah,Angulo,Hannah@Angulo.de,Ahornweg,55,11165,Bonn,Deutschland,49654321,08-01-1984,2533531,EQS 450+ SUV,0,0,0,Vehicle pick-up in-house (place of provision),Nein,0,30,60000,7000,0,Deutschland,deutsch,Reisepass,L1P0KLPFW8,Deutschland,01-01-2020,01-01-2023,Verbeamtet,6000,18-08-2022,Verheiratet,2,DE06200505501484526239
Frau,Hannah,Angulo,Hannah@Angulo.de,Ahornweg,55,11165,Bonn,Deutschland,49654321,08-01-1984,2533641,EQS 450+ SUV,0,0,0,Vehicle pick-up in-house (place of provision),Nein,0,30,60000,7000,0,Deutschland,deutsch,Reisepass,L1P0KLPFW8,Deutschland,01-01-2020,01-01-2023,Verbeamtet,6000,18-08-2022,Verheiratet,2,DE06200505501484526239
Frau,Hannah,Angulo,Hannah@Angulo.de,Ahornweg,55,11165,Bonn,Deutschland,49654321,08-01-1984,2533811,EQS 450+ SUV,0,0,0,Vehicle pick-up in-house (place of provision),Nein,0,30,60000,7000,0,Deutschland,deutsch,Reisepass,L1P0KLPFW8,Deutschland,01-01-2020,01-01-2023,Verbeamtet,6000,18-08-2022,Verheiratet,2,DE06200505501484526239
Frau,Hannah,Angulo,Hannah@Angulo.de,Ahornweg,55,11165,Bonn,Deutschland,49654321,08-01-1984,2533841,EQS 450+ SUV,0,0,0,Vehicle pick-up in-house (place of provision),Nein,0,30,60000,7000,0,Deutschland,deutsch,Reisepass,L1P0KLPFW8,Deutschland,01-01-2020,01-01-2023,Verbeamtet,6000,18-08-2022,Verheiratet,2,DE06200505501484526239
Frau,Hannah,Angulo,Hannah@Angulo.de,Ahornweg,55,11165,Bonn,Deutschland,49654321,08-01-1984,2533881,EQS 450+ SUV,0,0,0,Vehicle pick-up in-house (place of provision),Nein,0,30,60000,7000,0,Deutschland,deutsch,Reisepass,L1P0KLPFW8,Deutschland,01-01-2020,01-01-2023,Verbeamtet,6000,18-08-2022,Verheiratet,2,DE06200505501484526239
Frau,Hannah,Angulo,Hannah@Angulo.de,Ahornweg,55,11165,Bonn,Deutschland,49654321,08-01-1984,2533891,EQS 450+ SUV,0,0,0,Vehicle pick-up in-house (place of provision),Nein,0,30,60000,7000,0,Deutschland,deutsch,Reisepass,L1P0KLPFW8,Deutschland,01-01-2020,01-01-2023,Verbeamtet,6000,18-08-2022,Verheiratet,2,DE06200505501484526239
Frau,Hannah,Angulo,Hannah@Angulo.de,Ahornweg,55,11165,Bonn,Deutschland,49654321,08-01-1984,2546051,EQS 450+ SUV,0,0,0,Vehicle pick-up in-house (place of provision),Nein,0,30,60000,7000,0,Deutschland,deutsch,Reisepass,L1P0KLPFW8,Deutschland,01-01-2020,01-01-2023,Verbeamtet,6000,18-08-2022,Verheiratet,2,DE06200505501484526239
Frau,Hannah,Angulo,Hannah@Angulo.de,Ahornweg,55,11165,Bonn,Deutschland,49654321,08-01-1984,2546071,EQS 450+ SUV,0,0,0,Vehicle pick-up in-house (place of provision),Nein,0,30,60000,7000,0,Deutschland,deutsch,Reisepass,L1P0KLPFW8,Deutschland,01-01-2020,01-01-2023,Verbeamtet,6000,18-08-2022,Verheiratet,2,DE06200505501484526239
Frau,Hannah,Angulo,Hannah@Angulo.de,Ahornweg,55,11165,Bonn,Deutschland,49654321,08-01-1984,2546471,EQS 450+ SUV,0,0,0,Vehicle pick-up in-house (place of provision),Nein,0,30,60000,7000,0,Deutschland,deutsch,Reisepass,L1P0KLPFW8,Deutschland,01-01-2020,01-01-2023,Verbeamtet,6000,18-08-2022,Verheiratet,2,DE06200505501484526239
Frau,Hannah,Angulo,Hannah@Angulo.de,Ahornweg,55,11165,Bonn,Deutschland,49654321,08-01-1984,2546511,EQS 450+ SUV,0,0,0,Vehicle pick-up in-house (place of provision),Nein,0,30,60000,7000,0,Deutschland,deutsch,Reisepass,L1P0KLPFW8,Deutschland,01-01-2020,01-01-2023,Verbeamtet,6000,18-08-2022,Verheiratet,2,DE06200505501484526239
Frau,Hannah,Angulo,Hannah@Angulo.de,Ahornweg,55,11165,Bonn,Deutschland,49654321,08-01-1984,2546551,EQS 450+ SUV,0,0,0,Vehicle pick-up in-house (place of provision),Nein,0,30,60000,7000,0,Deutschland,deutsch,Reisepass,L1P0KLPFW8,Deutschland,01-01-2020,01-01-2023,Verbeamtet,6000,18-08-2022,Verheiratet,2,DE06200505501484526239
Frau,Hannah,Angulo,Hannah@Angulo.de,Ahornweg,55,11165,Bonn,Deutschland,49654321,08-01-1984,2546561,EQS 450+ SUV,0,0,0,Vehicle pick-up in-house (place of provision),Nein,0,30,60000,7000,0,Deutschland,deutsch,Reisepass,L1P0KLPFW8,Deutschland,01-01-2020,01-01-2023,Verbeamtet,6000,18-08-2022,Verheiratet,2,DE06200505501484526239
Frau,Hannah,Angulo,Hannah@Angulo.de,Ahornweg,55,11165,Bonn,Deutschland,49654321,08-01-1984,2573141,EQS 450+ SUV,0,0,0,Vehicle pick-up in-house (place of provision),Nein,0,30,60000,7000,0,Deutschland,deutsch,Reisepass,L1P0KLPFW8,Deutschland,01-01-2020,01-01-2023,Verbeamtet,6000,18-08-2022,Verheiratet,2,DE06200505501484526239
Frau,Hannah,Angulo,Hannah@Angulo.de,Ahornweg,55,11165,Bonn,Deutschland,49654321,08-01-1984,2573191,EQS 450+ SUV,0,0,0,Vehicle pick-up in-house (place of provision),Nein,0,30,60000,7000,0,Deutschland,deutsch,Reisepass,L1P0KLPFW8,Deutschland,01-01-2020,01-01-2023,Verbeamtet,6000,18-08-2022,Verheiratet,2,DE06200505501484526239
Frau,Hannah,Angulo,Hannah@Angulo.de,Ahornweg,55,11165,Bonn,Deutschland,49654321,08-01-1984,2573231,EQS 450+ SUV,0,0,0,Vehicle pick-up in-house (place of provision),Nein,0,30,60000,7000,0,Deutschland,deutsch,Reisepass,L1P0KLPFW8,Deutschland,01-01-2020,01-01-2023,Verbeamtet,6000,18-08-2022,Verheiratet,2,DE06200505501484526239
Frau,Hannah,Angulo,Hannah@Angulo.de,Ahornweg,55,11165,Bonn,Deutschland,49654321,08-01-1984,2573591,EQS 450+ SUV,0,0,0,Vehicle pick-up in-house (place of provision),Nein,0,30,60000,7000,0,Deutschland,deutsch,Reisepass,L1P0KLPFW8,Deutschland,01-01-2020,01-01-2023,Verbeamtet,6000,18-08-2022,Verheiratet,2,DE06200505501484526239
Frau,Hannah,Angulo,Hannah@Angulo.de,Ahornweg,55,11165,Bonn,Deutschland,49654321,08-01-1984,2573611,EQS 450+ SUV,0,0,0,Vehicle pick-up in-house (place of provision),Nein,0,30,60000,7000,0,Deutschland,deutsch,Reisepass,L1P0KLPFW8,Deutschland,01-01-2020,01-01-2023,Verbeamtet,6000,18-08-2022,Verheiratet,2,DE06200505501484526239
Frau,Hannah,Angulo,Hannah@Angulo.de,Ahornweg,55,11165,Bonn,Deutschland,49654321,08-01-1984,2906581,EQS 450+ SUV,0,0,0,Vehicle pick-up in-house (place of provision),Nein,0,30,60000,7000,0,Deutschland,deutsch,Reisepass,L1P0KLPFW8,Deutschland,01-01-2020,01-01-2023,Verbeamtet,6000,18-08-2022,Verheiratet,2,DE06200505501484526239
Frau,Hannah,Angulo,Hannah@Angulo.de,Ahornweg,55,11165,Bonn,Deutschland,49654321,08-01-1984,2906591,EQS 450+ SUV,0,0,0,Vehicle pick-up in-house (place of provision),Nein,0,30,60000,7000,0,Deutschland,deutsch,Reisepass,L1P0KLPFW8,Deutschland,01-01-2020,01-01-2023,Verbeamtet,6000,18-08-2022,Verheiratet,2,DE06200505501484526239
Frau,Hannah,Angulo,Hannah@Angulo.de,Ahornweg,55,11165,Bonn,Deutschland,49654321,08-01-1984,2906611,EQS 450+ SUV,0,0,0,Vehicle pick-up in-house (place of provision),Nein,0,30,60000,7000,0,Deutschland,deutsch,Reisepass,L1P0KLPFW8,Deutschland,01-01-2020,01-01-2023,Verbeamtet,6000,18-08-2022,Verheiratet,2,DE06200505501484526239
Frau,Hannah,Angulo,Hannah@Angulo.de,Ahornweg,55,11165,Bonn,Deutschland,49654321,08-01-1984,2906791,EQS 450+ SUV,0,0,0,Vehicle pick-up in-house (place of provision),Nein,0,30,60000,7000,0,Deutschland,deutsch,Reisepass,L1P0KLPFW8,Deutschland,01-01-2020,01-01-2023,Verbeamtet,6000,18-08-2022,Verheiratet,2,DE06200505501484526239
Frau,Hannah,Angulo,Hannah@Angulo.de,Ahornweg,55,11165,Bonn,Deutschland,49654321,08-01-1984,2906881,EQS 450+ SUV,0,0,0,Vehicle pick-up in-house (place of provision),Nein,0,30,60000,7000,0,Deutschland,deutsch,Reisepass,L1P0KLPFW8,Deutschland,01-01-2020,01-01-2023,Verbeamtet,6000,18-08-2022,Verheiratet,2,DE06200505501484526239
Frau,Hannah,Angulo,Hannah@Angulo.de,Ahornweg,55,11165,Bonn,Deutschland,49654321,08-01-1984,2906891,EQS 450+ SUV,0,0,0,Vehicle pick-up in-house (place of provision),Nein,0,30,60000,7000,0,Deutschland,deutsch,Reisepass,L1P0KLPFW8,Deutschland,01-01-2020,01-01-2023,Verbeamtet,6000,18-08-2022,Verheiratet,2,DE06200505501484526239
Frau,Hannah,Angulo,Hannah@Angulo.de,Ahornweg,55,11165,Bonn,Deutschland,49654321,08-01-1984,2938901,EQS 450+ SUV,0,0,0,Vehicle pick-up in-house (place of provision),Nein,0,30,60000,7000,0,Deutschland,deutsch,Reisepass,L1P0KLPFW8,Deutschland,01-01-2020,01-01-2023,Verbeamtet,6000,18-08-2022,Verheiratet,2,DE06200505501484526239
Frau,Hannah,Angulo,Hannah@Angulo.de,Ahornweg,55,11165,Bonn,Deutschland,49654321,08-01-1984,2951111,EQS 450+ SUV,0,0,0,Vehicle pick-up in-house (place of provision),Nein,0,30,60000,7000,0,Deutschland,deutsch,Reisepass,L1P0KLPFW8,Deutschland,01-01-2020,01-01-2023,Verbeamtet,6000,18-08-2022,Verheiratet,2,DE06200505501484526239
Frau,Hannah,Angulo,Hannah@Angulo.de,Ahornweg,55,11165,Bonn,Deutschland,49654321,08-01-1984,2951121,EQS 450+ SUV,0,0,0,Vehicle pick-up in-house (place of provision),Nein,0,30,60000,7000,0,Deutschland,deutsch,Reisepass,L1P0KLPFW8,Deutschland,01-01-2020,01-01-2023,Verbeamtet,6000,18-08-2022,Verheiratet,2,DE06200505501484526239
Frau,Hannah,Angulo,Hannah@Angulo.de,Ahornweg,55,11165,Bonn,Deutschland,49654321,08-01-1984,2951221,EQS 450+ SUV,0,0,0,Vehicle pick-up in-house (place of provision),Nein,0,30,60000,7000,0,Deutschland,deutsch,Reisepass,L1P0KLPFW8,Deutschland,01-01-2020,01-01-2023,Verbeamtet,6000,18-08-2022,Verheiratet,2,DE06200505501484526239
Frau,Hannah,Angulo,Hannah@Angulo.de,Ahornweg,55,11165,Bonn,Deutschland,49654321,08-01-1984,2951251,EQS 450+ SUV,0,0,0,Vehicle pick-up in-house (place of provision),Nein,0,30,60000,7000,0,Deutschland,deutsch,Reisepass,L1P0KLPFW8,Deutschland,01-01-2020,01-01-2023,Verbeamtet,6000,18-08-2022,Verheiratet,2,DE06200505501484526239
Frau,Hannah,Angulo,Hannah@Angulo.de,Ahornweg,55,11165,Bonn,Deutschland,49654321,08-01-1984,2951321,EQS 450+ SUV,0,0,0,Vehicle pick-up in-house (place of provision),Nein,0,30,60000,7000,0,Deutschland,deutsch,Reisepass,L1P0KLPFW8,Deutschland,01-01-2020,01-01-2023,Verbeamtet,6000,18-08-2022,Verheiratet,2,DE06200505501484526239
Frau,Hannah,Angulo,Hannah@Angulo.de,Ahornweg,55,11165,Bonn,Deutschland,49654321,08-01-1984,2951531,EQS 450+ SUV,0,0,0,Vehicle pick-up in-house (place of provision),Nein,0,30,60000,7000,0,Deutschland,deutsch,Reisepass,L1P0KLPFW8,Deutschland,01-01-2020,01-01-2023,Verbeamtet,6000,18-08-2022,Verheiratet,2,DE06200505501484526239
Frau,Hannah,Angulo,Hannah@Angulo.de,Ahornweg,55,11165,Bonn,Deutschland,49654321,08-01-1984,2966231,EQS 450+ SUV,0,0,0,Vehicle pick-up in-house (place of provision),Nein,0,30,60000,7000,0,Deutschland,deutsch,Reisepass,L1P0KLPFW8,Deutschland,01-01-2020,01-01-2023,Verbeamtet,6000,18-08-2022,Verheiratet,2,DE06200505501484526239
Frau,Hannah,Angulo,Hannah@Angulo.de,Ahornweg,55,11165,Bonn,Deutschland,49654321,08-01-1984,2966241,EQS 450+ SUV,0,0,0,Vehicle pick-up in-house (place of provision),Nein,0,30,60000,7000,0,Deutschland,deutsch,Reisepass,L1P0KLPFW8,Deutschland,01-01-2020,01-01-2023,Verbeamtet,6000,18-08-2022,Verheiratet,2,DE06200505501484526239
Frau,Hannah,Angulo,Hannah@Angulo.de,Ahornweg,55,11165,Bonn,Deutschland,49654321,08-01-1984,2966441,EQS 450+ SUV,0,0,0,Vehicle pick-up in-house (place of provision),Nein,0,30,60000,7000,0,Deutschland,deutsch,Reisepass,L1P0KLPFW8,Deutschland,01-01-2020,01-01-2023,Verbeamtet,6000,18-08-2022,Verheiratet,2,DE06200505501484526239
Frau,Hannah,Angulo,Hannah@Angulo.de,Ahornweg,55,11165,Bonn,Deutschland,49654321,08-01-1984,2971231,EQS 450+ SUV,0,0,0,Vehicle pick-up in-house (place of provision),Nein,0,30,60000,7000,0,Deutschland,deutsch,Reisepass,L1P0KLPFW8,Deutschland,01-01-2020,01-01-2023,Verbeamtet,6000,18-08-2022,Verheiratet,2,DE06200505501484526239
Frau,Hannah,Angulo,Hannah@Angulo.de,Ahornweg,55,11165,Bonn,Deutschland,49654321,08-01-1984,2971241,EQS 450+ SUV,0,0,0,Vehicle pick-up in-house (place of provision),Nein,0,30,60000,7000,0,Deutschland,deutsch,Reisepass,L1P0KLPFW8,Deutschland,01-01-2020,01-01-2023,Verbeamtet,6000,18-08-2022,Verheiratet,2,DE06200505501484526239
Frau,Hannah,Angulo,Hannah@Angulo.de,Ahornweg,55,11165,Bonn,Deutschland,49654321,08-01-1984,2971341,EQS 450+ SUV,0,0,0,Vehicle pick-up in-house (place of provision),Nein,0,30,60000,7000,0,Deutschland,deutsch,Reisepass,L1P0KLPFW8,Deutschland,01-01-2020,01-01-2023,Verbeamtet,6000,18-08-2022,Verheiratet,2,DE06200505501484526239
Frau,Hannah,Angulo,Hannah@Angulo.de,Ahornweg,55,11165,Bonn,Deutschland,49654321,08-01-1984,2971441,EQS 450+ SUV,0,0,0,Vehicle pick-up in-house (place of provision),Nein,0,30,60000,7000,0,Deutschland,deutsch,Reisepass,L1P0KLPFW8,Deutschland,01-01-2020,01-01-2023,Verbeamtet,6000,18-08-2022,Verheiratet,2,DE06200505501484526239
Frau,Hannah,Angulo,Hannah@Angulo.de,Ahornweg,55,11165,Bonn,Deutschland,49654321,08-01-1984,2971551,EQS 450+ SUV,0,0,0,Vehicle pick-up in-house (place of provision),Nein,0,30,60000,7000,0,Deutschland,deutsch,Reisepass,L1P0KLPFW8,Deutschland,01-01-2020,01-01-2023,Verbeamtet,6000,18-08-2022,Verheiratet,2,DE06200505501484526239
Frau,Hannah,Angulo,Hannah@Angulo.de,Ahornweg,55,11165,Bonn,Deutschland,49654321,08-01-1984,4533911,EQS 450+ SUV,0,0,0,Vehicle pick-up in-house (place of provision),Nein,0,30,60000,7000,0,Deutschland,deutsch,Reisepass,L1P0KLPFW8,Deutschland,01-01-2020,01-01-2023,Verbeamtet,6000,18-08-2022,Verheiratet,2,DE06200505501484526239
Frau,Hannah,Angulo,Hannah@Angulo.de,Ahornweg,55,11165,Bonn,Deutschland,49654321,08-01-1984,4534911,EQS 450+ SUV,0,0,0,Vehicle pick-up in-house (place of provision),Nein,0,30,60000,7000,0,Deutschland,deutsch,Reisepass,L1P0KLPFW8,Deutschland,01-01-2020,01-01-2023,Verbeamtet,6000,18-08-2022,Verheiratet,2,DE06200505501484526239
Frau,Hannah,Angulo,Hannah@Angulo.de,Ahornweg,55,11165,Bonn,Deutschland,49654321,08-01-1984,4632601,EQS 450+ SUV,0,0,0,Vehicle pick-up in-house (place of provision),Nein,0,30,60000,7000,0,Deutschland,deutsch,Reisepass,L1P0KLPFW8,Deutschland,01-01-2020,01-01-2023,Verbeamtet,6000,18-08-2022,Verheiratet,2,DE06200505501484526239
Frau,Hannah,Angulo,Hannah@Angulo.de,Ahornweg,55,11165,Bonn,Deutschland,49654321,08-01-1984,4632761,EQS 450+ SUV,0,0,0,Vehicle pick-up in-house (place of provision),Nein,0,30,60000,7000,0,Deutschland,deutsch,Reisepass,L1P0KLPFW8,Deutschland,01-01-2020,01-01-2023,Verbeamtet,6000,18-08-2022,Verheiratet,2,DE06200505501484526239
Frau,Hannah,Angulo,Hannah@Angulo.de,Ahornweg,55,11165,Bonn,Deutschland,49654321,08-01-1984,4633501,EQS 450+ SUV,0,0,0,Vehicle pick-up in-house (place of provision),Nein,0,30,60000,7000,0,Deutschland,deutsch,Reisepass,L1P0KLPFW8,Deutschland,01-01-2020,01-01-2023,Verbeamtet,6000,18-08-2022,Verheiratet,2,DE06200505501484526239
